Date,Open,High,Low,Close,Adj Close,Volume
01-01-2015,1283.5,1283.5,1270.5,1272.780029,1100.664063,366830
02-01-2015,1275.5,1295.469971,1275.300049,1289.719971,1115.313232,925740
05-01-2015,1290.5,1299.949951,1262.319946,1270.119995,1098.363892,1754242
06-01-2015,1264.550049,1264.550049,1220,1223.300049,1057.875244,2423784
07-01-2015,1235,1239.569946,1203.719971,1208.849976,1045.379272,2636332
08-01-2015,1221.199951,1224.5,1210.280029,1221.900024,1056.664307,1565408
09-01-2015,1227.5,1259.949951,1225,1256.150024,1086.282715,3197642
12-01-2015,1258.5,1264,1240.119995,1254.849976,1085.158691,1596006
13-01-2015,1260,1265.199951,1240.050049,1248.949951,1080.056274,1468432
14-01-2015,1258,1265.900024,1250.25,1260.969971,1090.450806,1787096
15-01-2015,1266.5,1290.880005,1261.619995,1269.550049,1097.87085,5009920
16-01-2015,1271.849976,1272.5,1242.150024,1266.069946,1094.861206,5293830
19-01-2015,1268,1275.5,1251.5,1255.5,1085.721069,1135074
20-01-2015,1260,1265,1241.619995,1250.219971,1081.154907,2058566
21-01-2015,1261,1261,1244.119995,1256.900024,1086.931396,2310480
22-01-2015,1258.25,1260.619995,1247.75,1256.780029,1086.827637,2113214
23-01-2015,1257,1266.030029,1248.050049,1251.800049,1082.52124,3150380
27-01-2015,1256.180054,1257.5,1244.780029,1251.030029,1086.19397,2738736
28-01-2015,1251.5,1272.449951,1251.449951,1269.800049,1102.490479,3121980
29-01-2015,1269,1284.349976,1256.449951,1272.319946,1104.678345,3734392
30-01-2015,1280.349976,1287.5,1235,1241.030029,1077.511353,5817402
02-02-2015,1241,1260.719971,1231.030029,1257.099976,1091.463989,3181802
03-02-2015,1255.819946,1282.5,1253.550049,1279.119995,1110.582397,2345054
04-02-2015,1284,1285.849976,1251.050049,1257.150024,1091.507324,2245418
05-02-2015,1260,1295.849976,1259.5,1276.199951,1108.047119,4530168
06-02-2015,1276.5,1297.400024,1275.430054,1287.880005,1118.188599,2136416
09-02-2015,1280.75,1284.550049,1250,1256.449951,1090.899414,2076432
10-02-2015,1255,1263.119995,1216.5,1220.569946,1059.746948,3799054
11-02-2015,1227.530029,1243.619995,1223.619995,1229.949951,1067.890991,2937522
12-02-2015,1239.900024,1239.900024,1223.5,1231.069946,1068.863281,3107980
13-02-2015,1235,1273.880005,1230.119995,1269.380005,1102.12561,4158326
16-02-2015,1280,1297.5,1277.5,1292.400024,1122.112793,2364392
18-02-2015,1292.530029,1321.5,1282.619995,1317.819946,1144.183228,2660014
19-02-2015,1318,1343.650024,1317.5,1340.530029,1163.901367,2618002
20-02-2015,1349.400024,1349.400024,1321.119995,1337.780029,1161.513306,1801588
23-02-2015,1335.5,1361,1335.5,1348.319946,1170.664551,1614892
24-02-2015,1347,1365,1339.5,1352.380005,1174.189697,2199922
25-02-2015,1355,1361,1333.930054,1336.099976,1160.055054,1767994
26-02-2015,1339.5,1346.380005,1312.680054,1328.219971,1153.212891,1991994
27-02-2015,1329.719971,1337.880005,1308.150024,1331.180054,1155.783203,2877376
28-02-2015,1328.92,1340.6,1313.12,1345.69,1180.34,2784629
02-03-2015,1339.849976,1354.469971,1326.280029,1334.699951,1158.839355,2176038
03-03-2015,1341,1395,1338.069946,1388,1205.116333,3424308
04-03-2015,1394,1406.050049,1357.819946,1373,1192.093018,3862994
05-03-2015,1375,1385.349976,1340.530029,1348.219971,1170.577759,2173514
09-03-2015,1320,1339.900024,1305,1323.400024,1149.028198,2883174
10-03-2015,1324.449951,1339.119995,1297.619995,1321.349976,1147.248413,3037052
11-03-2015,1321,1329.969971,1298.900024,1303.280029,1131.559448,2240200
12-03-2015,1311.949951,1312.449951,1295.050049,1309.530029,1136.985718,1827636
13-03-2015,1319,1319.969971,1287.5,1291.180054,1121.053589,1586838
16-03-2015,1292.599976,1305,1276,1281.150024,1112.345093,1556296
17-03-2015,1291.25,1303.349976,1278.880005,1291.849976,1121.634888,1267318
18-03-2015,1295.469971,1299.719971,1275.849976,1279.680054,1111.068359,1255170
19-03-2015,1288,1302.930054,1284.050049,1298.119995,1127.079102,2448964
20-03-2015,1298,1309,1289.430054,1305.469971,1133.460815,1963908
23-03-2015,1308,1315.5,1303,1308.569946,1136.151978,1566608
24-03-2015,1315,1318.5,1291.050049,1295.650024,1124.934692,2394878
25-03-2015,1295.699951,1307,1272.599976,1286.880005,1117.320068,2224858
26-03-2015,1276.650024,1293.349976,1250.5,1256.550049,1090.986328,3091642
27-03-2015,1265.5,1285.949951,1252.050049,1257.400024,1091.724365,2751776
30-03-2015,1262.5,1284.949951,1260,1282.069946,1113.143799,1339006
31-03-2015,1284.719971,1284.719971,1260.5,1276.969971,1108.715698,2427028
01-04-2015,1279,1281.800049,1261.119995,1271.319946,1103.810181,2075758
06-04-2015,1279,1281.449951,1250.050049,1273.650024,1105.833252,1568542
07-04-2015,1281.219971,1299.5,1272,1292.5,1122.199463,1886922
08-04-2015,1297,1328.25,1295.430054,1320.699951,1146.683838,1652134
09-04-2015,1329.5,1343.719971,1317.569946,1332.280029,1156.737915,2544450
10-04-2015,1324.25,1335.400024,1314,1326.880005,1152.049683,1815544
13-04-2015,1332,1332.5,1314,1327.75,1152.80481,1308642
15-04-2015,1327.349976,1356.949951,1304.699951,1313.880005,1140.762207,2913934
16-04-2015,1313.469971,1313.5,1285.680054,1291.400024,1121.244507,3217570
17-04-2015,1278.550049,1280,1235,1237.430054,1074.385742,9668742
20-04-2015,1240.030029,1241.949951,1212.430054,1214.400024,1054.389893,2890722
21-04-2015,1214.400024,1226,1200.5,1213.530029,1053.634644,2546032
22-04-2015,1215.75,1236.5,1203.780029,1222.550049,1061.466309,4186812
23-04-2015,1236,1239.900024,1215.849976,1228.619995,1066.73645,4342990
24-04-2015,1227.650024,1257,1223.780029,1246.530029,1082.286987,3625158
27-04-2015,1249.75,1260,1243,1250.099976,1085.38623,2733052
28-04-2015,1255,1255,1227.550049,1247.5,1083.128784,3088298
29-04-2015,1242,1247.5,1225.530029,1243.650024,1079.786011,2019620
30-04-2015,1240,1245,1213.550049,1231.849976,1069.541016,3738054
04-05-2015,1245.5,1252.400024,1228.599976,1240.780029,1077.293945,1890630
05-05-2015,1250.5,1268.219971,1250,1258.930054,1093.052979,3255070
06-05-2015,1257.5,1257.5,1227.900024,1231.530029,1069.263062,3394406
07-05-2015,1232.449951,1276.880005,1226.849976,1272.619995,1104.938965,3205028
08-05-2015,1280,1294,1258.150024,1263.619995,1097.124634,3003664
11-05-2015,1267.5,1281.530029,1262.5,1278,1109.610229,2573082
12-05-2015,1280,1282.5,1256.5,1261.449951,1095.240845,2467386
13-05-2015,1273.5,1273.5,1240.219971,1257.699951,1091.984863,1863774
14-05-2015,1260,1260,1242.5,1249.619995,1084.96936,1309050
15-05-2015,1257.5,1266.199951,1250.5,1255.569946,1090.135498,1461454
18-05-2015,1257.050049,1262.619995,1248.550049,1260.199951,1094.155273,4507752
19-05-2015,1259.699951,1265,1248.380005,1256.349976,1090.812622,1957722
20-05-2015,1260,1284.949951,1258.449951,1278.530029,1110.070068,1897814
21-05-2015,1278.5,1290,1274.069946,1277.75,1109.392822,1579578
22-05-2015,1275,1314.380005,1269.619995,1308.949951,1136.4823,2691632
25-05-2015,1310,1318.449951,1292.849976,1300.5,1129.145386,982978
26-05-2015,1302.5,1311.619995,1294.449951,1304.430054,1132.557739,1961740
27-05-2015,1304,1316.569946,1296,1307.619995,1135.327393,1620690
28-05-2015,1301.949951,1311.5,1291.119995,1304.75,1132.835449,2763608
29-05-2015,1308.5,1324.300049,1298.619995,1305.150024,1133.182861,4423532
01-06-2015,1304.719971,1323.550049,1304.180054,1308.880005,1136.421509,882264
02-06-2015,1308,1315,1295.25,1299.949951,1128.667969,3935820
03-06-2015,1302,1312.800049,1295.25,1305.449951,1133.443237,1804684
04-06-2015,1308.550049,1311.400024,1294.25,1302.819946,1131.15979,4131468
05-06-2015,1296,1304.5,1285,1287.930054,1139.21814,2308534
08-06-2015,1295,1295,1280.819946,1288.719971,1139.91687,1570320
09-06-2015,1292.5,1295,1275.5,1280.819946,1132.928833,2578914
10-06-2015,1283,1305,1281.900024,1300.380005,1150.230225,2763350
11-06-2015,1302.75,1306.5,1278.380005,1285.650024,1137.201172,1847336
12-06-2015,1285.949951,1294.469971,1238.400024,1252.900024,1108.232666,2571456
15-06-2015,1252.650024,1260.219971,1240.5,1252.400024,1107.790405,2525176
16-06-2015,1250,1259.650024,1247.219971,1256,1110.974854,1267396
17-06-2015,1260.5,1264.569946,1250.900024,1256.900024,1111.770996,1975720
18-06-2015,1257.5,1273.150024,1254,1265.030029,1118.962036,2165046
19-06-2015,1267.5,1277.5,1263.550049,1274.780029,1127.586548,1999610
22-06-2015,1273.5,1300,1273.5,1295.75,1146.134888,1102002
23-06-2015,1300,1304,1283.599976,1287.300049,1138.660767,898318
24-06-2015,1290,1293.949951,1279.430054,1285.150024,1136.758911,1170246
25-06-2015,1281,1286.5,1272.069946,1275,1127.780884,1930992
26-06-2015,1275.099976,1298.180054,1275.099976,1296.400024,1146.709961,1290102
29-06-2015,1286,1302,1271.699951,1296.449951,1146.754028,1372756
30-06-2015,1292.5,1294.380005,1270,1275.469971,1128.196533,1549952
01-07-2015,1281.949951,1304,1278.380005,1296.550049,1146.842529,1279708
02-07-2015,1300,1301.469971,1285.530029,1288.880005,1140.058472,1445880
03-07-2015,1286.530029,1305,1285,1301.949951,1151.619019,963470
06-07-2015,1290.150024,1322.5,1290.150024,1316.650024,1164.621948,1182338
07-07-2015,1316.380005,1323.449951,1301.5,1308.119995,1157.07666,1642836
08-07-2015,1298.969971,1310.849976,1290.25,1297.550049,1147.727295,2667850
09-07-2015,1297.5,1299.119995,1253.319946,1261.25,1115.618408,3934122
10-07-2015,1279.5,1279.5,1227.5,1237.180054,1094.328003,8263654
13-07-2015,1237.699951,1259.300049,1237.699951,1254.780029,1109.895508,2280308
14-07-2015,1255.5,1257.5,1245,1249.75,1105.446411,1703274
15-07-2015,1250.5,1274.969971,1250,1272.880005,1125.906006,2003660
16-07-2015,1271.849976,1279.430054,1263.300049,1270.099976,1123.446655,1456608
17-07-2015,1273.400024,1285.050049,1271.650024,1282.199951,1134.149292,1070526
20-07-2015,1282,1291.949951,1275.949951,1289.569946,1145.582764,853786
21-07-2015,1288,1300.180054,1277.550049,1280.699951,1137.702759,1274500
22-07-2015,1280.5,1284.5,1260.530029,1264.030029,1122.894165,1320628
23-07-2015,1258.75,1268.930054,1241.5,1244.300049,1105.367065,1496780
24-07-2015,1248.75,1258.25,1246.050049,1252.569946,1112.714111,1574972
27-07-2015,1244,1252.5,1240.569946,1248.530029,1109.124878,2003738
28-07-2015,1249.75,1259.5,1246.069946,1251.030029,1111.345459,1891188
29-07-2015,1255.5,1257.530029,1241.75,1253.380005,1113.433228,2413318
30-07-2015,1258.030029,1258.400024,1236.400024,1240.319946,1101.831421,2770574
31-07-2015,1244.949951,1259.5,1243.5,1255.380005,1115.210205,1963776
03-08-2015,1251.699951,1262.5,1250.449951,1254.800049,1114.694824,1179324
04-08-2015,1255.199951,1261.5,1243,1254.449951,1114.383667,2342692
05-08-2015,1260,1275,1255.5,1273.569946,1131.369141,988994
06-08-2015,1282.5,1291.5,1275.050049,1286.650024,1142.988525,2211366
07-08-2015,1286.5,1286.5,1273.5,1276.030029,1133.554565,1188506
10-08-2015,1286,1294.5,1278.300049,1286.050049,1142.455444,1431182
11-08-2015,1289,1305,1271.050049,1302.099976,1156.713501,2200306
12-08-2015,1301.550049,1345.699951,1301,1335.849976,1186.695068,3479784
13-08-2015,1335,1342,1278,1317.800049,1170.660522,1406426
14-08-2015,1319,1359.680054,1318.550049,1351.599976,1200.686768,2293964
17-08-2015,1345.050049,1348.400024,1327.5,1342.380005,1192.495972,773644
18-08-2015,1353.449951,1374.949951,1345,1370.449951,1217.431885,1916926
19-08-2015,1375,1376.430054,1360.949951,1366.800049,1214.189697,1690070
20-08-2015,1372.5,1372.5,1336,1343.430054,1193.428711,2349298
21-08-2015,1356,1364.949951,1327.550049,1338.069946,1188.666992,3536080
24-08-2015,1319.5,1322.5,1284.550049,1289.319946,1145.360352,4692344
25-08-2015,1293.949951,1311,1267.75,1283.569946,1140.252319,3925800
26-08-2015,1279.030029,1319.5,1255.969971,1288.380005,1144.525391,3216158
27-08-2015,1307.449951,1307.449951,1272.900024,1287.319946,1143.583618,5264798
28-08-2015,1304.5,1304.5,1278.849976,1285.430054,1141.904663,2744152
31-08-2015,1295,1295,1265.530029,1282.030029,1138.884277,3692044
01-09-2015,1278,1305.599976,1265,1268.699951,1127.042725,2987602
02-09-2015,1279.849976,1310.219971,1274,1295.900024,1151.205688,3765950
03-09-2015,1298.050049,1307.5,1288.119995,1302.800049,1157.335571,2265074
04-09-2015,1305.699951,1307.449951,1269.569946,1273.719971,1131.502197,2426396
07-09-2015,1276.5,1279.969971,1266.349976,1269.880005,1128.090942,1759184
08-09-2015,1272.5,1282.050049,1261.75,1270.150024,1128.330933,1787746
09-09-2015,1281.469971,1287,1272,1274.880005,1132.532471,2045076
10-09-2015,1271,1289.25,1263.5,1272.699951,1130.596436,2665818
11-09-2015,1273.25,1284.199951,1270.300049,1276,1133.527832,1592672
14-09-2015,1282.5,1282.5,1271.5,1275.819946,1133.367676,1589318
15-09-2015,1275.819946,1279.449951,1268,1268.619995,1126.971802,1379900
16-09-2015,1277.5,1282.5,1270.530029,1275.180054,1132.799194,1756816
18-09-2015,1282.5,1293,1269.5,1275.619995,1133.190186,2455294
21-09-2015,1275,1278.550049,1266.599976,1275.530029,1133.110229,1108840
22-09-2015,1278.75,1286.199951,1245,1263.400024,1122.334595,2081246
23-09-2015,1267.150024,1278.880005,1256.300049,1266.319946,1124.928467,1228352
24-09-2015,1267.75,1295,1264.949951,1290.199951,1146.14209,2354254
28-09-2015,1297,1309.5,1289.75,1296.849976,1152.049805,2366812
29-09-2015,1291.680054,1317,1284.930054,1294.119995,1149.624634,3325952
30-09-2015,1321.849976,1321.849976,1285.469971,1294.030029,1149.544556,3368336
01-10-2015,1299.5,1324.969971,1296.099976,1322.300049,1174.658081,2834408
05-10-2015,1326.349976,1385,1326.349976,1355.819946,1204.435425,4807306
06-10-2015,1362.5,1363,1342,1350,1199.265137,3979590
07-10-2015,1346.969971,1358.5,1323.469971,1326.969971,1178.806519,2065530
08-10-2015,1335,1339.180054,1310,1316.900024,1169.860962,2357550
09-10-2015,1325.25,1325.300049,1304,1314.819946,1168.013428,2249724
12-10-2015,1327.5,1330.180054,1293.5,1296.300049,1151.561035,2455912
13-10-2015,1301.400024,1306,1283.800049,1299.280029,1154.208496,6179712
14-10-2015,1274,1274,1240,1241.849976,1103.190674,8337128
15-10-2015,1245,1251.75,1232.5,1233.880005,1096.110474,3215710
16-10-2015,1240.449951,1246,1235,1236,1097.993774,2333828
19-10-2015,1245,1247.469971,1227.930054,1244.380005,1105.43811,3130642
20-10-2015,1248.119995,1265,1247.800049,1263.380005,1122.316895,2695084
21-10-2015,1267.5,1271,1261.119995,1265,1128.669556,1929688
23-10-2015,1274,1274,1263.650024,1268.569946,1136.797241,2335398
26-10-2015,1274.5,1274.5,1257.550049,1268.280029,1136.537476,1414630
27-10-2015,1265.030029,1272.449951,1260.180054,1265.550049,1134.091064,1530420
28-10-2015,1255.030029,1266.780029,1255.030029,1264.550049,1133.194702,1255342
29-10-2015,1266.780029,1267.699951,1245.030029,1247.680054,1118.077393,3130316
30-10-2015,1250,1255.949951,1242.5,1247.599976,1118.005615,1516696
02-11-2015,1250,1261.400024,1243.780029,1258.680054,1127.93457,1319294
03-11-2015,1264,1273.900024,1259.25,1271.719971,1139.620117,1364906
04-11-2015,1272.5,1273.599976,1260,1266.900024,1135.300415,991434
05-11-2015,1265.400024,1267.469971,1240,1241.319946,1112.378052,1596098
06-11-2015,1246,1259.119995,1241.719971,1252.880005,1122.737061,908024
09-11-2015,1247.5,1251.380005,1234.300049,1235.680054,1107.323608,2021556
10-11-2015,1236.469971,1238.5,1225,1229.069946,1101.400269,1361920
13-11-2015,1219.030029,1219.030029,1193.280029,1198.699951,1074.184937,2743232
16-11-2015,1195,1195,1178,1187.300049,1063.96936,2043528
17-11-2015,1190.25,1199.219971,1187.5,1195.280029,1071.120361,1985028
18-11-2015,1194.449951,1194.449951,1173,1175.719971,1053.592041,1520352
19-11-2015,1182.680054,1190.800049,1176,1181.280029,1058.574707,1866906
20-11-2015,1183.25,1211.780029,1180.969971,1199.180054,1074.615112,2012126
23-11-2015,1202.650024,1206.699951,1191.119995,1195.530029,1071.34436,1088082
24-11-2015,1190.030029,1196.219971,1182.75,1183.969971,1060.985107,998640
26-11-2015,1188.949951,1191.199951,1168.930054,1172.780029,1050.95752,2915292
27-11-2015,1174,1179.719971,1166.25,1176.680054,1054.452271,1737206
30-11-2015,1182.5,1195.619995,1175.069946,1186.780029,1063.503174,4100048
01-12-2015,1181.449951,1189.030029,1178.530029,1180.949951,1058.278809,1721994
02-12-2015,1189,1189.050049,1173.25,1182.599976,1059.757446,1640296
03-12-2015,1180,1186.5,1173.5,1175.380005,1053.287354,2283358
04-12-2015,1170,1173.650024,1160.550049,1164.199951,1043.268799,1246092
07-12-2015,1166.099976,1171.949951,1157.619995,1159.900024,1039.415527,1382604
08-12-2015,1159.699951,1174.5,1158.650024,1164.5,1043.537354,1139964
09-12-2015,1168.949951,1186.400024,1160,1183.819946,1060.850708,5282806
10-12-2015,1184.5,1195.599976,1176,1192.280029,1068.432007,1723988
11-12-2015,1191.5,1195.969971,1181.619995,1193,1069.077148,1652378
14-12-2015,1167.599976,1193.5,1165.300049,1189.219971,1065.689575,2718532
15-12-2015,1189.219971,1192.5,1181.530029,1187.930054,1064.533569,1135868
16-12-2015,1192,1207.25,1192,1204.199951,1079.114014,1435934
17-12-2015,1207.5,1222.5,1196.680054,1219.880005,1093.165161,1618844
18-12-2015,1210,1217.099976,1200.319946,1208.400024,1082.877686,3024970
21-12-2015,1209.969971,1225,1203.430054,1223.199951,1096.139771,1610104
22-12-2015,1220,1220,1200,1202.530029,1077.61731,1560858
23-12-2015,1207.5,1217.5,1205.280029,1212.900024,1086.909912,849834
24-12-2015,1210.5,1219.099976,1202,1217.119995,1090.691528,843160
28-12-2015,1214,1233.199951,1210.099976,1231.349976,1103.443359,3704198
29-12-2015,1229.180054,1232.650024,1222.880005,1227.900024,1100.352051,1708524
30-12-2015,1226.530029,1229.5,1206.150024,1209.150024,1083.549683,1605762
31-12-2015,1207.880005,1224.25,1203.75,1218.430054,1091.865601,1240318
01-01-2016,1219.5,1219.5,1206.119995,1208.199951,1082.697998,712262
04-01-2016,1205.069946,1207,1183.030029,1184.800049,1061.729004,1870184
05-01-2016,1192.5,1193.300049,1170.5,1174.469971,1052.471924,2678020
06-01-2016,1175.099976,1193.069946,1175.099976,1190.800049,1067.105591,2653228
07-01-2016,1185,1191.449951,1180,1185.619995,1062.463379,3199580
08-01-2016,1192.5,1203.680054,1186.25,1198.800049,1074.274902,1907544
11-01-2016,1191.25,1192,1174.430054,1181.180054,1058.485107,2930228
12-01-2016,1181.349976,1182.5,1150.800049,1163.530029,1042.668213,3482594
13-01-2016,1158.5,1163.5,1127.550049,1139.599976,1021.223999,4746092
14-01-2016,1136.5,1149.449951,1125,1139.400024,1021.044983,2742052
15-01-2016,1144.430054,1145.849976,1127.5,1130.550049,1013.114136,3269408
18-01-2016,1131,1145.949951,1130,1138.819946,1020.52533,2213922
19-01-2016,1138.5,1150,1134.150024,1139.650024,1021.268921,967910
20-01-2016,1136.900024,1142.5,1121.5,1140.050049,1021.627625,1615954
21-01-2016,1142.5,1144.949951,1122.880005,1127.25,1015.053894,2675536
22-01-2016,1136.5,1151.030029,1130,1147.880005,1033.630615,1343178
25-01-2016,1150.949951,1169.5,1145.75,1152.319946,1037.628662,1397560
27-01-2016,1151,1164.969971,1140.949951,1159.880005,1044.436157,1626986
28-01-2016,1157.75,1174.449951,1154.030029,1165.599976,1049.586914,3106660
29-01-2016,1179.349976,1200,1167.530029,1195.650024,1076.646118,2235744
01-02-2016,1195.550049,1206.469971,1179.5,1201.349976,1081.778564,1495274
02-02-2016,1204.5,1216.5,1189.849976,1199.050049,1079.70752,1475588
03-02-2016,1193.75,1214.949951,1180.150024,1208.150024,1087.901733,1308692
04-02-2016,1210.949951,1220,1201,1210.030029,1089.594727,1250046
05-02-2016,1204.050049,1219.969971,1204.050049,1210.969971,1090.44104,1402996
08-02-2016,1200,1206.030029,1173.5,1181.469971,1063.876953,1063658
09-02-2016,1166.800049,1166.800049,1127.800049,1140.699951,1027.164917,2489610
10-02-2016,1137.5,1144.949951,1129.050049,1134.400024,1021.492126,1890732
11-02-2016,1140,1144.5,1085.819946,1098.969971,989.588562,1962408
12-02-2016,1100,1121.699951,1082,1113.300049,1002.492371,2172568
15-02-2016,1125,1153.430054,1120,1134.569946,1021.645264,2479712
16-02-2016,1133,1141,1121.5,1132.780029,1020.033386,1588702
17-02-2016,1132.5,1139.819946,1123.199951,1137.780029,1024.535767,1585178
18-02-2016,1142.5,1159.880005,1139,1157.930054,1042.68042,1529140
19-02-2016,1153.680054,1163.5,1152.719971,1159.819946,1044.382202,879012
22-02-2016,1160.119995,1171.5,1152.5,1157.949951,1042.69812,1324884
23-02-2016,1155.119995,1159.949951,1128.380005,1132,1019.33136,1306852
24-02-2016,1131.219971,1131.219971,1100.599976,1105.469971,995.441589,1659328
25-02-2016,1109.900024,1114,1092.819946,1106.430054,996.30603,1830556
26-02-2016,1114.849976,1128.449951,1099.800049,1105.25,995.243652,1537536
29-02-2016,1118.5,1118.5,1057.5,1088.400024,980.07074,2191718
01-03-2016,1096.5,1142.550049,1081,1138.319946,1025.022095,1999760
02-03-2016,1152.5,1165,1128.119995,1159.430054,1044.031128,1527486
03-03-2016,1168,1195.5,1150.5,1186.569946,1068.469727,2648284
04-03-2016,1190,1190,1174.780029,1178.780029,1061.4552,1512966
08-03-2016,1171.050049,1183.5,1152.099976,1177.150024,1059.987427,1268152
09-03-2016,1170.5,1184.699951,1147.569946,1178.619995,1061.310913,2017784
10-03-2016,1178.030029,1179.930054,1157.469971,1174.150024,1057.285645,1661666
11-03-2016,1170,1195.430054,1167.5,1182.619995,1064.912842,1530528
14-03-2016,1181,1199,1170,1177.5,1060.302368,1636742
15-03-2016,1174.530029,1181.75,1160.050049,1164.949951,1049.001465,1623356
16-03-2016,1157.5,1166,1153.449951,1163.530029,1047.722656,1918246
17-03-2016,1167,1180.900024,1166,1176.030029,1058.978882,2221088
18-03-2016,1180,1215,1180,1212.930054,1092.206177,3204070
21-03-2016,1213,1227.469971,1210,1223.119995,1101.381836,2336982
22-03-2016,1221,1242.5,1218.25,1236.550049,1113.47522,1951984
23-03-2016,1243.949951,1243.949951,1228.650024,1236.900024,1113.790405,2278434
28-03-2016,1245.5,1258.569946,1230.780029,1236.699951,1113.610229,3320882
29-03-2016,1239,1243.469971,1227.5,1234.699951,1111.80896,1838796
30-03-2016,1235.449951,1252.5,1230,1244.75,1120.858887,2136504
31-03-2016,1239.150024,1275,1236.069946,1260.150024,1134.726196,4363964
01-04-2016,1252.5,1260.430054,1217.050049,1226.949951,1104.830444,3041400
04-04-2016,1228,1244,1223.5,1235.619995,1112.637817,1752352
05-04-2016,1235.400024,1242.449951,1221.030029,1231.380005,1108.819946,1491794
06-04-2016,1235,1244.5,1229.680054,1240.949951,1117.436768,1763150
07-04-2016,1240,1242.349976,1228.5,1235.400024,1112.439697,2390942
08-04-2016,1233,1236.849976,1213.5,1216.030029,1094.997559,1399500
11-04-2016,1216.5,1258.5,1206.5,1253.319946,1128.576172,2400648
12-04-2016,1249,1262.5,1244.050049,1259.069946,1133.75354,1303628
13-04-2016,1265,1272.5,1256.25,1263.099976,1137.382568,1601468
18-04-2016,1226.5,1276.75,1220,1259.880005,1134.483032,7121504
20-04-2016,1267.449951,1267.449951,1220,1225.180054,1103.236694,6405024
21-04-2016,1225.5,1233.699951,1206.099976,1212.199951,1091.548706,2525724
22-04-2016,1209.5,1217.699951,1202.099976,1208.530029,1088.244019,1964126
25-04-2016,1201.150024,1228.530029,1201.150024,1225.619995,1103.632813,2267654
26-04-2016,1224.5,1246.75,1221,1244.900024,1120.993896,2554368
27-04-2016,1240,1257.300049,1237.949951,1255.550049,1130.584229,1848670
28-04-2016,1250.650024,1270,1249.050049,1263.880005,1138.084961,4992744
29-04-2016,1258.5,1271,1255,1267.75,1141.569824,2372178
02-05-2016,1264.5,1265,1250,1263.349976,1137.607788,1116692
03-05-2016,1262.5,1265,1236,1239.050049,1115.72644,2153118
04-05-2016,1236.949951,1247.030029,1228.5,1239,1115.681396,1364892
05-05-2016,1239,1244.969971,1231.780029,1235.150024,1112.214722,1246566
06-05-2016,1232.5,1242.150024,1215.5,1236.699951,1113.610229,885598
09-05-2016,1236.699951,1259,1228.199951,1256.280029,1131.241211,1821276
10-05-2016,1257.5,1266.969971,1248,1261.449951,1135.896729,1158534
11-05-2016,1250,1262.800049,1245,1259.150024,1133.825928,1598716
12-05-2016,1260.280029,1284.949951,1260.280029,1283.099976,1155.39209,1513082
13-05-2016,1282.5,1283,1255.069946,1261.699951,1136.121948,1621730
16-05-2016,1269,1282.400024,1261.25,1275.569946,1148.61145,1111526
17-05-2016,1282.099976,1295.619995,1276,1285.099976,1157.192749,1756698
18-05-2016,1282.930054,1282.930054,1263.030029,1275.550049,1148.593262,1500740
19-05-2016,1277.5,1280,1263.050049,1278.469971,1151.222778,1038792
20-05-2016,1271.150024,1282.900024,1261.400024,1264.650024,1138.778076,1230918
23-05-2016,1272,1272.949951,1240.099976,1245.719971,1121.7323,1533016
24-05-2016,1242,1244.119995,1229.800049,1233.849976,1111.044189,1339158
25-05-2016,1240.5,1266.469971,1240.5,1263.219971,1137.490723,1548678
26-05-2016,1265,1282.449951,1252.550049,1274.349976,1147.512695,1943248
27-05-2016,1276.569946,1289.930054,1275.300049,1286.319946,1158.291382,1104676
30-05-2016,1291.5,1320.969971,1291,1318.199951,1186.998779,1349464
31-05-2016,1320,1323.5,1281,1284.699951,1156.832886,3722608
01-06-2016,1285.599976,1322.5,1285.5,1316.780029,1185.719727,1911942
02-06-2016,1300,1327.150024,1300,1325.069946,1193.18457,1408756
03-06-2016,1325.699951,1329,1310.25,1314.780029,1183.918945,1554922
06-06-2016,1310.25,1319.5,1301.599976,1306.25,1200.89917,1322026
07-06-2016,1307,1319.5,1306.5,1315.569946,1209.467651,1202194
08-06-2016,1308.619995,1314.280029,1302.75,1306.550049,1201.175049,938266
09-06-2016,1311.199951,1311.199951,1277.599976,1288.619995,1184.690918,1562138
10-06-2016,1283,1301.619995,1276.599976,1277.880005,1174.817139,1396832
13-06-2016,1270,1276.680054,1259,1273.5,1170.790649,1029978
14-06-2016,1279.469971,1279.469971,1259.119995,1267.430054,1165.210083,977570
15-06-2016,1265,1282.449951,1261,1278.430054,1175.322998,1270844
16-06-2016,1272.780029,1282.349976,1258.219971,1279.150024,1175.984741,1145070
17-06-2016,1279.5,1305,1279.5,1301.300049,1196.348389,1878988
20-06-2016,1301.300049,1334,1295.900024,1329.650024,1222.411865,1872838
21-06-2016,1331.75,1332.5,1320.699951,1325.599976,1218.688477,1027690
22-06-2016,1325,1338.849976,1315.880005,1333.819946,1226.245728,1761712
23-06-2016,1327.5,1329.75,1312.650024,1322.680054,1216.004028,1397014
24-06-2016,1282.569946,1296.599976,1257.069946,1286.969971,1183.174072,3766586
27-06-2016,1273.5,1273.5,1241.319946,1247.930054,1147.282593,4272566
28-06-2016,1247.930054,1251.449951,1229.199951,1231.969971,1132.609985,4499524
29-06-2016,1237.5,1256.25,1232.650024,1251.449951,1150.518799,2531264
30-06-2016,1261,1281.449951,1250.180054,1276.550049,1173.594849,5121812
01-07-2016,1281,1282.300049,1247.180054,1250.430054,1149.581177,2197296
04-07-2016,1258,1262.930054,1241,1247.099976,1146.519653,1883484
05-07-2016,1247.099976,1248.530029,1238.569946,1242.650024,1142.428711,1559748
07-07-2016,1243.849976,1245.930054,1212.5,1214.900024,1116.916748,3316800
08-07-2016,1217.5,1221.030029,1201.75,1213.300049,1115.445923,2456356
11-07-2016,1215,1235.900024,1213.5,1232.069946,1132.701904,1543632
12-07-2016,1235.849976,1237.5,1217.930054,1232.469971,1133.06958,1465536
13-07-2016,1239,1249.619995,1225.619995,1246.550049,1146.014038,2102300
14-07-2016,1243,1264.5,1235.5,1260.949951,1159.25293,2699988
15-07-2016,1258.5,1263.900024,1213.280029,1222.680054,1124.069458,8336366
18-07-2016,1223.5,1234.5,1215.300049,1216.719971,1118.589966,2598850
19-07-2016,1213.75,1236.400024,1213.75,1233.099976,1133.648804,2362896
20-07-2016,1225,1251.25,1224.069946,1247.469971,1146.859741,2815252
21-07-2016,1244.75,1259.75,1232.219971,1253.030029,1151.97168,2527148
22-07-2016,1249.449951,1262,1246,1257.550049,1156.127075,1517216
25-07-2016,1256,1281.599976,1252.900024,1279.469971,1182.390625,1688796
26-07-2016,1279.469971,1284,1266.5,1276.300049,1179.46106,2311290
27-07-2016,1277.5,1290.199951,1272.5,1288.780029,1190.994263,1750510
28-07-2016,1290.25,1314.780029,1288.530029,1309.619995,1210.252686,4632080
29-07-2016,1307,1317.449951,1299.5,1309.650024,1210.281006,2488084
01-08-2016,1316,1362.5,1316,1354.119995,1251.376709,3961704
02-08-2016,1351.449951,1357.849976,1344.900024,1349.599976,1247.199463,2578162
03-08-2016,1343,1349.5,1324.530029,1328.150024,1227.376831,2294702
04-08-2016,1335,1341.469971,1318.119995,1326,1225.390381,1415416
05-08-2016,1336.949951,1342.150024,1316,1324.550049,1224.050293,1868484
08-08-2016,1320,1334,1314.530029,1324.75,1224.235229,2058244
09-08-2016,1329,1329.900024,1289.430054,1325.099976,1224.558472,2261914
10-08-2016,1325.5,1341,1324,1337.699951,1236.202393,2062078
11-08-2016,1332.780029,1357.5,1332.780029,1354.949951,1252.143555,2233138
12-08-2016,1352.5,1372.400024,1351.030029,1369.219971,1265.330811,2327358
16-08-2016,1369,1370,1336.930054,1345.849976,1243.734009,3183754
17-08-2016,1349.5,1349.5,1309,1312.280029,1212.710938,1848566
18-08-2016,1317.5,1328.780029,1315.050049,1319.280029,1219.180054,1292064
19-08-2016,1320,1323.219971,1300,1301.75,1202.97998,2416244
22-08-2016,1294,1297.219971,1268.150024,1274.349976,1177.658936,2265274
23-08-2016,1272.469971,1302.469971,1270.099976,1300.530029,1201.852783,1503374
24-08-2016,1294.900024,1301,1284.530029,1286.030029,1188.452637,1116878
25-08-2016,1290,1294.849976,1263,1275.530029,1178.74939,1939690
26-08-2016,1279.900024,1286.280029,1258.599976,1262.469971,1166.68042,1250314
29-08-2016,1267.469971,1267.469971,1233.380005,1250.280029,1155.415527,1488728
30-08-2016,1255,1274.900024,1250.619995,1272.069946,1175.55188,1444026
31-08-2016,1275,1275,1250.430054,1255.650024,1160.378052,3231668
01-09-2016,1262.449951,1267.469971,1243.530029,1253.75,1158.62207,1345736
02-09-2016,1256,1259.699951,1248.030029,1257.400024,1161.995117,1742330
06-09-2016,1259.949951,1260.069946,1240,1242.030029,1147.79126,2239066
07-09-2016,1249.849976,1249.849976,1211.5,1220.280029,1127.69165,3854040
08-09-2016,1180,1180,1142.380005,1161.050049,1072.955933,7021516
09-09-2016,1164.849976,1183.319946,1160.030029,1176.219971,1086.974609,2742438
12-09-2016,1168.5,1181.969971,1162,1179.530029,1090.033569,2024454
14-09-2016,1181,1188.800049,1155,1164.219971,1075.88501,2069858
15-09-2016,1169.969971,1171.050049,1158.380005,1163.469971,1075.192017,2818964
16-09-2016,1168.349976,1188,1160,1180.849976,1091.253418,4358004
19-09-2016,1182.5,1213.5,1175,1205.719971,1114.236328,2802546
20-09-2016,1205.5,1208.449951,1192.699951,1203.25,1111.953735,1184552
21-09-2016,1203.849976,1212,1200.349976,1206.699951,1115.141846,1678020
22-09-2016,1212.619995,1214,1185.550049,1189,1098.784912,2857574
23-09-2016,1191,1201.930054,1185.569946,1199.050049,1108.072388,1800726
26-09-2016,1200.550049,1209.550049,1197.5,1200.550049,1109.45874,1753476
27-09-2016,1200.550049,1224,1200.550049,1218.050049,1125.631104,2038792
28-09-2016,1215.5,1218.75,1207.599976,1211.530029,1119.605469,1731328
29-09-2016,1217.5,1228.25,1209.800049,1218.900024,1126.41626,3603958
30-09-2016,1218.530029,1224.900024,1211.550049,1215.400024,1123.182129,2175364
03-10-2016,1225,1228.819946,1200.550049,1205.849976,1114.356323,1818880
04-10-2016,1210,1212.530029,1199,1202.569946,1111.325439,1780718
05-10-2016,1204,1207.699951,1188.050049,1193.180054,1102.647827,1176354
06-10-2016,1197.5,1201.199951,1186.380005,1194.380005,1103.756836,2267572
07-10-2016,1194,1194,1179.099976,1183.900024,1094.071899,1816512
10-10-2016,1184.949951,1193.449951,1177.530029,1190.150024,1099.847656,1202142
13-10-2016,1181.650024,1184.949951,1160.449951,1164.449951,1076.097656,5173334
14-10-2016,1157.5,1193.5,1145.5,1183.099976,1093.332642,7741214
17-10-2016,1184.449951,1187.900024,1172.199951,1181.219971,1091.595337,2728346
18-10-2016,1188,1207.849976,1177.400024,1200.099976,1109.042603,2128632
19-10-2016,1200.5,1205,1185.150024,1197.550049,1106.686035,1985058
20-10-2016,1198.449951,1204.680054,1193,1200.569946,1109.477051,1265854
21-10-2016,1200,1215.949951,1199.119995,1214.319946,1122.183594,1259660
24-10-2016,1214.099976,1217.449951,1201.280029,1213.849976,1127.786133,1253190
25-10-2016,1202.5,1207.300049,1190.5,1199.219971,1114.193604,1772466
26-10-2016,1199.300049,1201.380005,1186.25,1198.119995,1113.171753,1437130
27-10-2016,1189.849976,1214.75,1182.75,1209.050049,1123.326904,2941602
28-10-2016,1205,1207.550049,1194,1199.349976,1114.314453,1752102
01-11-2016,1199.849976,1199.849976,1167.069946,1175,1091.690674,2934776
02-11-2016,1170.5,1172,1147.5,1152.030029,1070.349609,2325076
03-11-2016,1147,1167.5,1142.25,1159.719971,1077.494263,1463310
04-11-2016,1160,1168.069946,1147,1165.280029,1082.660034,1183752
07-11-2016,1168.949951,1172.449951,1130.030029,1138.530029,1057.806641,2048052
08-11-2016,1140.219971,1153.5,1130,1141.599976,1060.659058,1933634
09-11-2016,1090,1137.5,1071.430054,1084.930054,1008.006897,4500226
10-11-2016,1102.400024,1108.75,1070.400024,1077.719971,1001.308228,2172426
11-11-2016,1073.530029,1073.530029,1043.099976,1050.569946,976.082947,2398424
15-11-2016,1058.449951,1078.780029,1025.949951,1060.650024,985.448303,6290324
16-11-2016,1072.550049,1104.449951,1069,1094.800049,1017.177124,4019958
17-11-2016,1092.5,1104.300049,1065.069946,1068.599976,992.834839,2504688
18-11-2016,1071,1075,1052.099976,1062.550049,987.213745,2140534
21-11-2016,1063.099976,1070,1052.5,1066.449951,990.837158,1793366
22-11-2016,1066,1088.719971,1061.030029,1067.5,991.812927,1318860
23-11-2016,1074.5,1081.469971,1063.599976,1078.180054,1001.735657,1275808
24-11-2016,1077.449951,1103.800049,1068.5,1094.219971,1016.638184,3026234
25-11-2016,1106,1153.619995,1096.099976,1150.180054,1068.630615,4276148
28-11-2016,1147,1159.719971,1125.949951,1141.300049,1060.380371,1924296
29-11-2016,1137.5,1146,1126.280029,1129.930054,1049.816528,1442296
30-11-2016,1132.5,1147.380005,1121.150024,1138.030029,1057.342041,3445832
01-12-2016,1138.5,1145,1127.030029,1131.719971,1051.479492,1123052
02-12-2016,1129,1135.400024,1102.599976,1110.930054,1032.163208,1998032
05-12-2016,1114.5,1118.930054,1085,1093,1015.504578,2249526
06-12-2016,1095,1101.969971,1084.949951,1091.180054,1013.813721,1593444
07-12-2016,1091.099976,1092.219971,1072.819946,1077.280029,1000.899353,2065706
08-12-2016,1080.25,1099.5,1080,1097.880005,1020.038818,3239546
09-12-2016,1102.5,1109.949951,1086.650024,1097.619995,1019.797058,1588718
12-12-2016,1097.400024,1108.800049,1081.5,1104.099976,1025.817871,1311758
13-12-2016,1109,1109,1091.5,1100.150024,1022.148132,2147534
14-12-2016,1107,1112.349976,1094.5,1103.800049,1025.539063,1870366
15-12-2016,1101,1136.050049,1101,1129.650024,1049.556152,4295410
16-12-2016,1138.5,1145,1126,1141.319946,1060.398682,1987230
19-12-2016,1140,1148.849976,1130.650024,1144.449951,1063.306763,1334210
20-12-2016,1146,1172.5,1143.530029,1169.650024,1086.720215,2922760
21-12-2016,1171.900024,1171.900024,1152.800049,1156.800049,1074.78125,2034902
22-12-2016,1153,1162.5,1143.099976,1153.849976,1072.040405,1868300
23-12-2016,1150,1158.880005,1139.400024,1144.050049,1062.935425,1118954
26-12-2016,1133,1150.800049,1133,1146.550049,1065.257935,897408
27-12-2016,1140.75,1165,1140.75,1161.699951,1079.333862,1294692
28-12-2016,1163.349976,1174.949951,1151.569946,1156.699951,1074.688354,1350418
29-12-2016,1151.5,1179.949951,1151.5,1175.849976,1092.480469,1963516
30-12-2016,1177.449951,1189.300049,1172.819946,1182.780029,1098.919434,1405748
02-01-2017,1183.300049,1187.550049,1176.199951,1180.680054,1096.968262,823132
03-01-2017,1180.619995,1185.849976,1171.650024,1184.119995,1100.164063,1475324
04-01-2017,1184.849976,1194.430054,1179.150024,1189.75,1105.39502,1420066
05-01-2017,1192,1194.969971,1160.199951,1167.199951,1084.443604,2216404
06-01-2017,1160.5,1164.680054,1128.550049,1140.699951,1059.822754,3009896
09-01-2017,1137.5,1155.650024,1128.5,1151.849976,1070.182129,1854578
10-01-2017,1152,1164.900024,1145.75,1157.680054,1075.599121,1533914
11-01-2017,1157.5,1164.800049,1140.099976,1162.199951,1079.798462,1931296
12-01-2017,1162.199951,1180,1152,1172.180054,1089.071167,2570374
13-01-2017,1174,1178.969971,1118.930054,1124.650024,1044.910645,10235580
16-01-2017,1125,1136.949951,1114,1129.280029,1049.212402,3364808
17-01-2017,1127.449951,1143.900024,1126.400024,1139.380005,1058.596191,3009956
18-01-2017,1139,1149,1132.719971,1147.550049,1066.187012,3136574
19-01-2017,1147.5,1147.569946,1141.469971,1145.5,1064.282349,2251676
20-01-2017,1143.5,1150,1132.5,1142.680054,1061.662476,2037246
23-01-2017,1132.5,1156.75,1129.900024,1153.349976,1077.706421,2318546
24-01-2017,1152,1161.5,1145,1159.180054,1083.153687,2282638
25-01-2017,1161.300049,1180,1159.030029,1176.5,1099.338013,4111648
27-01-2017,1172.530029,1189.380005,1172.530029,1178.900024,1101.580566,2871658
30-01-2017,1170.5,1175.969971,1159.069946,1166.449951,1089.947021,2577956
31-01-2017,1160,1166.030029,1100.030029,1114.900024,1041.77832,4666804
01-02-2017,1110,1119.969971,1077.780029,1083.949951,1012.857849,4864152
02-02-2017,1085.030029,1109.5,1076.5,1103.819946,1031.424683,6009482
03-02-2017,1104.849976,1121.5,1095.5,1116.280029,1043.067627,2153372
06-02-2017,1129,1129.25,1107.469971,1120.380005,1046.89856,2408910
07-02-2017,1122,1126.300049,1113,1122.300049,1048.692749,1814638
08-02-2017,1122.449951,1141.300049,1122.030029,1135.469971,1060.998901,2212584
09-02-2017,1137.5,1164,1135.099976,1158.650024,1082.658569,4033202
10-02-2017,1155.5,1212.219971,1155.5,1198.969971,1120.333862,5782160
13-02-2017,1198,1214.5,1191.180054,1207.119995,1127.949585,3819812
14-02-2017,1209.819946,1209.819946,1199,1203.119995,1124.211792,2033328
15-02-2017,1198.5,1214,1187.550049,1206.849976,1127.697266,1924972
16-02-2017,1230,1239,1217.800049,1223.880005,1143.610474,4175680
17-02-2017,1236,1237.800049,1201,1203.949951,1124.987549,2723324
20-02-2017,1212.5,1277.5,1204.050049,1251.099976,1169.045288,3973948
21-02-2017,1257,1262.949951,1227.569946,1232.680054,1151.833496,5501112
22-02-2017,1232.949951,1235,1200.069946,1205.75,1126.669556,4505496
23-02-2017,1207.5,1246.619995,1207.5,1240.900024,1159.514038,4853352
27-02-2017,1239.550049,1251,1235.030029,1244.930054,1163.279907,2139892
28-02-2017,1244.75,1245,1225,1233.119995,1152.244263,2354828
01-03-2017,1239.949951,1250.949951,1235,1239.780029,1158.467773,1130374
02-03-2017,1243.349976,1255,1235.030029,1250.719971,1168.69043,1544942
03-03-2017,1246,1249.849976,1237.699951,1247.030029,1165.242065,1013970
06-03-2017,1240,1242,1227.280029,1236.25,1155.169067,1400694
07-03-2017,1241.449951,1252.5,1237.530029,1249.900024,1167.92395,1511672
08-03-2017,1251,1260,1246.099976,1256.099976,1173.717041,1791510
09-03-2017,1257.069946,1262,1252.030029,1259.880005,1177.249146,858468
10-03-2017,1259.800049,1274.780029,1256.969971,1271.119995,1187.752075,1171420
14-03-2017,1278.400024,1293.569946,1275.530029,1283.75,1199.553955,3402294
15-03-2017,1286,1286.069946,1246.930054,1249.150024,1167.223145,3022496
16-03-2017,1253,1263.5,1253,1260.449951,1177.78186,1571818
17-03-2017,1273,1273,1254.880005,1262.880005,1180.052734,2593152
20-03-2017,1262.969971,1262.969971,1233,1240,1158.673218,3487540
21-03-2017,1241,1246,1232.5,1243.349976,1161.803345,3373700
22-03-2017,1240.069946,1248,1234.969971,1239.469971,1158.177734,1888716
23-03-2017,1241,1242.530029,1223.599976,1230.180054,1149.497314,2620638
24-03-2017,1234.900024,1234.900024,1211.650024,1213.599976,1134.004517,5099814
27-03-2017,1213.469971,1220,1203,1206.030029,1126.931152,2181270
28-03-2017,1205,1221.699951,1205,1214.969971,1135.28479,1153158
29-03-2017,1218,1225.400024,1212.800049,1222.300049,1142.134033,1717764
30-03-2017,1222.449951,1232.5,1217.5,1220.5,1140.452271,2986086
31-03-2017,1219.199951,1220.430054,1207.5,1215.900024,1136.153809,1867044
03-04-2017,1217.5,1217.5,1204.099976,1205.849976,1126.763062,1196888
05-04-2017,1209.949951,1209.949951,1197.5,1200.619995,1121.875854,2905568
06-04-2017,1200,1205,1196.280029,1200.030029,1121.324829,1720704
07-04-2017,1197.449951,1216.619995,1196.069946,1214.530029,1134.873901,2277012
10-04-2017,1216,1224.5,1202.5,1211.119995,1131.687378,2543264
11-04-2017,1208.650024,1221.550049,1203,1209.650024,1130.313843,1557784
12-04-2017,1211.25,1214,1191.5,1196.619995,1118.138428,1050538
13-04-2017,1200,1204.5,1160.530029,1164.319946,1087.956665,2500472
17-04-2017,1165.199951,1166.449951,1147.569946,1157.430054,1081.518677,2270882
18-04-2017,1165,1167.099976,1151.030029,1154.400024,1078.687256,1730620
19-04-2017,1131.75,1174.349976,1126.400024,1149.569946,1074.174316,5626812
20-04-2017,1152.650024,1166,1145.469971,1162.75,1086.489746,1268842
21-04-2017,1164.550049,1167.819946,1150.5,1155.400024,1079.621948,1161154
24-04-2017,1150,1169.819946,1141.25,1164.050049,1087.70459,2000020
25-04-2017,1164,1172.219971,1151.349976,1155.75,1079.948975,3148710
26-04-2017,1170,1171.969971,1151.530029,1155.180054,1079.416504,2187438
27-04-2017,1153.030029,1163.900024,1138.819946,1151.319946,1075.809326,5773186
28-04-2017,1147,1149.380005,1134,1136.569946,1062.026733,2540510
02-05-2017,1147,1151,1140,1144.949951,1069.857056,2382696
03-05-2017,1147.5,1172.5,1134.25,1168.650024,1092.002808,3514406
04-05-2017,1174.969971,1175,1154.400024,1165.050049,1088.638916,2708208
05-05-2017,1154,1166.25,1151.25,1160.25,1084.153564,1682474
08-05-2017,1160.5,1173.699951,1158.849976,1171.219971,1094.404175,1071782
09-05-2017,1171.969971,1180.5,1166.280029,1176.280029,1099.132324,1790270
10-05-2017,1177.5,1178.069946,1158,1166.219971,1089.7323,1206388
11-05-2017,1173.650024,1180,1161.380005,1174.719971,1097.674683,2071302
12-05-2017,1171.650024,1184.949951,1160.030029,1180.319946,1102.907349,2314446
15-05-2017,1187.550049,1188.969971,1170.800049,1182.550049,1104.991211,1817604
16-05-2017,1190,1217.5,1186.719971,1214.569946,1134.911133,3601026
17-05-2017,1216.75,1230.380005,1211.5,1227.680054,1147.161133,2876198
18-05-2017,1225,1286,1221.119995,1268.099976,1184.930054,5138594
19-05-2017,1268.099976,1270.280029,1243,1253.569946,1171.353149,1786044
22-05-2017,1255,1276.880005,1255,1265.680054,1182.668701,1663940
23-05-2017,1266.599976,1282.069946,1257,1260.849976,1178.155518,2748596
24-05-2017,1267.400024,1285,1264.819946,1279.569946,1195.647949,2534548
25-05-2017,1288.5,1318.780029,1284,1312.300049,1226.231323,4094094
26-05-2017,1312.5,1313.430054,1282.319946,1289.119995,1204.571655,1362550
29-05-2017,1289.5,1298.25,1282,1286.430054,1202.058105,1749290
30-05-2017,1280,1287.969971,1262.5,1275.550049,1191.891602,927634
31-05-2017,1266.5,1286.25,1264,1273.300049,1189.789307,2502730
01-06-2017,1265,1282,1265,1276.800049,1193.059692,1080064
02-06-2017,1278.119995,1295.930054,1276.25,1282.449951,1198.339111,1355648
05-06-2017,1282.5,1309.949951,1280.069946,1301.969971,1216.578979,1500188
06-06-2017,1315.5,1354.469971,1315,1348,1259.589966,5946720
07-06-2017,1348.5,1350,1288.280029,1307.619995,1221.858154,4927776
08-06-2017,1299,1302.469971,1257.75,1260.800049,1178.109253,3330714
09-06-2017,1260,1273.699951,1243,1253.5,1171.287964,3148034
12-06-2017,1248.5,1256.449951,1235.199951,1243.599976,1162.036987,1626506
13-06-2017,1232.5,1240.550049,1223.5,1225.780029,1171.286987,1175414
14-06-2017,1227.5,1238,1227.5,1235.099976,1180.192261,1489142
15-06-2017,1234.5,1234.849976,1202.5,1205.599976,1152.003906,2997198
16-06-2017,1207.469971,1217.5,1193.25,1199.849976,1146.509277,2450426
19-06-2017,1208.449951,1223.180054,1202.569946,1215.849976,1161.798096,1644742
20-06-2017,1215.5,1224.5,1190.150024,1222.5,1168.152466,1670958
21-06-2017,1220,1221.069946,1198.599976,1203.150024,1149.662842,1657818
22-06-2017,1204.5,1215.5,1192.5,1197.430054,1144.197021,5775882
23-06-2017,1199.699951,1206.969971,1177,1180.849976,1128.35437,1424756
27-06-2017,1175.300049,1192.349976,1165.800049,1171.430054,1119.352905,1974330
28-06-2017,1174.949951,1179,1167.5,1175.030029,1122.792969,1789726
29-06-2017,1179.5,1186.030029,1161.550049,1166.619995,1114.756836,2471826
30-06-2017,1162.199951,1188.5,1161.550049,1181.180054,1128.669556,1753848
03-07-2017,1178.699951,1191.530029,1171.550049,1186.800049,1134.039795,1475956
04-07-2017,1186.650024,1190.219971,1175.030029,1183.430054,1130.81958,1215134
05-07-2017,1180.400024,1182.5,1172.5,1178,1125.630859,815856
06-07-2017,1179.5,1180.949951,1170.050049,1173.780029,1121.598633,1026788
07-07-2017,1175,1178.219971,1162.75,1165.969971,1114.135376,1232090
10-07-2017,1203,1222.449951,1189.469971,1217.469971,1163.346191,783608
11-07-2017,1213,1257.400024,1213,1237.900024,1182.86792,3537504
12-07-2017,1241.25,1241.650024,1215.050049,1219.719971,1165.496094,2646450
13-07-2017,1222.5,1236,1213.300049,1223.199951,1168.821411,3131960
14-07-2017,1191.5,1212.5,1187.5,1198.719971,1145.429688,4508432
17-07-2017,1198.849976,1211.050049,1191.099976,1197.719971,1144.474243,2211822
18-07-2017,1198.069946,1221.5,1198.069946,1204.180054,1150.647095,1908002
19-07-2017,1207.75,1230,1207.550049,1224.800049,1170.350342,3915576
20-07-2017,1224.619995,1228.449951,1215.25,1222.349976,1168.009277,1182504
21-07-2017,1217.449951,1250,1217.280029,1245.599976,1190.225464,2148416
24-07-2017,1241,1270,1241,1265.349976,1215.930786,2271402
25-07-2017,1262.880005,1290,1259.199951,1285.75,1235.53418,2678832
26-07-2017,1280,1287.5,1273.5,1278,1228.086914,1459826
27-07-2017,1271.099976,1292.400024,1233.25,1240.849976,1192.387695,4255304
28-07-2017,1240.5,1246.530029,1221,1242.150024,1193.637085,1382752
31-07-2017,1235.5,1259.5,1231.5,1245.900024,1197.240356,2019662
01-08-2017,1250,1260.380005,1245.5,1250.819946,1201.968262,1747460
02-08-2017,1250,1254,1231,1236.900024,1188.591919,1251024
03-08-2017,1240,1251,1233.219971,1244.719971,1196.106812,1882548
04-08-2017,1245.400024,1264.150024,1244,1261.400024,1212.135132,1387890
07-08-2017,1258.25,1260,1240.599976,1251.719971,1202.833252,1885520
08-08-2017,1256,1264.300049,1248.150024,1251.530029,1202.650757,1073958
09-08-2017,1250,1261.430054,1246.650024,1256,1206.945923,992946
10-08-2017,1254.5,1260.300049,1243.180054,1255.719971,1206.67688,1526172
11-08-2017,1249.949951,1267.5,1241.5,1248.030029,1199.287354,1394736
14-08-2017,1251.5,1254.949951,1231.5,1234.699951,1186.477905,786504
16-08-2017,1242,1271.900024,1232.599976,1246.180054,1197.509521,1373340
17-08-2017,1250.349976,1252.5,1231.050049,1242.819946,1194.28064,1752374
18-08-2017,1237,1274.949951,1235.699951,1256.900024,1207.810791,2837356
21-08-2017,1252.75,1274.5,1247.150024,1264.400024,1215.0177,2304834
22-08-2017,1261.5,1269.75,1246,1248.780029,1200.008057,1131326
23-08-2017,1252.5,1258.400024,1236.569946,1244.719971,1196.106812,1562272
24-08-2017,1248.849976,1258.969971,1243.069946,1248.300049,1199.546753,1623908
28-08-2017,1252.300049,1252.699951,1230.5,1243.650024,1195.078125,2036796
29-08-2017,1241,1248,1231.969971,1235.430054,1187.179565,1312602
30-08-2017,1240.5,1245,1230.050049,1242.280029,1193.761841,970782
31-08-2017,1242.5,1252.199951,1233.319946,1248.180054,1199.431519,1784664
01-09-2017,1240,1249.030029,1218.280029,1228.219971,1180.250854,1702330
04-09-2017,1226.550049,1230.5,1219,1228.099976,1180.135742,1062544
05-09-2017,1230,1245,1218.530029,1242.180054,1193.665649,1165994
06-09-2017,1234.069946,1237.430054,1225,1226.599976,1178.694214,1228764
07-09-2017,1229,1234.199951,1225.530029,1230.050049,1182.009644,870636
08-09-2017,1226.880005,1237,1226.280029,1235.300049,1187.054321,1021134
11-09-2017,1235.599976,1241.469971,1225,1227.219971,1179.289917,732764
12-09-2017,1236.949951,1248.5,1228.5,1244.219971,1195.626221,1396460
13-09-2017,1250,1265.819946,1237.599976,1244.599976,1195.991455,1278980
14-09-2017,1241,1248.800049,1235.949951,1243.469971,1194.905396,1081510
15-09-2017,1249.5,1258.5,1242.5,1253.030029,1204.091919,2944072
18-09-2017,1252.469971,1259.469971,1244.619995,1249.530029,1200.72876,726600
19-09-2017,1252.5,1252.5,1245.75,1249.119995,1200.334961,782754
20-09-2017,1257,1257,1237.150024,1246.780029,1198.08606,1334642
21-09-2017,1245.530029,1270.5,1240,1262.449951,1213.144043,2438740
22-09-2017,1259.949951,1263.449951,1246,1251.800049,1202.910156,2435396
25-09-2017,1248.280029,1267,1246.380005,1255.380005,1206.35022,1599558
26-09-2017,1255,1263.199951,1233,1237.319946,1188.995483,1449230
27-09-2017,1245,1256.099976,1236.880005,1247.5,1198.777832,2010356
28-09-2017,1247.349976,1257,1226,1238.219971,1189.860229,4332866
29-09-2017,1239.5,1242,1210.75,1217.969971,1170.401123,1985014
03-10-2017,1220,1227.150024,1213.530029,1224.219971,1176.407104,1923006
04-10-2017,1224.800049,1227,1212.5,1221.150024,1173.457275,1300778
05-10-2017,1220.5,1221.719971,1212.199951,1214.800049,1167.355225,1684686
06-10-2017,1215,1227.5,1214.030029,1223.319946,1175.542358,1389188
09-10-2017,1220.530029,1233.969971,1220.530029,1227.050049,1179.126709,1773616
10-10-2017,1227.5,1234.969971,1225.619995,1229.619995,1181.596313,1222010
11-10-2017,1230,1257.219971,1228.380005,1250.180054,1201.353394,1527746
12-10-2017,1256.5,1277.5,1253.5,1274.099976,1224.338989,5006356
13-10-2017,1274.099976,1304.469971,1261.5,1279.300049,1229.33606,4066320
16-10-2017,1277.530029,1295,1277.530029,1292.199951,1241.732178,1218590
17-10-2017,1292.5,1307.469971,1288.780029,1297.280029,1246.614014,1443016
18-10-2017,1297.5,1306.819946,1290,1293.300049,1242.789185,1514144
19-10-2017,1296,1297.900024,1285.5,1291.949951,1241.491943,86822
23-10-2017,1292,1314.5,1273.719971,1293.949951,1243.413818,1886088
24-10-2017,1310,1310.449951,1284.530029,1289.199951,1238.849365,1339020
25-10-2017,1289.25,1307,1277.5,1279.949951,1236.675415,1105106
26-10-2017,1267.550049,1284.569946,1258.949951,1269.430054,1226.51123,3007552
27-10-2017,1269,1296.569946,1265.150024,1292.150024,1248.463135,1409270
30-10-2017,1293,1310,1290.849976,1308.099976,1263.873535,1137252
31-10-2017,1300.650024,1320,1300.650024,1312,1267.641968,1592634
01-11-2017,1312,1313.430054,1289.430054,1301.430054,1257.429321,741882
02-11-2017,1304.25,1337,1303.380005,1313.069946,1268.675537,1468422
03-11-2017,1316.199951,1318.349976,1301.400024,1310.050049,1265.757813,666886
06-11-2017,1310,1335.900024,1305.880005,1332.780029,1287.719482,1377000
07-11-2017,1335,1384,1333.030029,1355.030029,1309.216919,2696892
08-11-2017,1361.5,1379.5,1359.119995,1367.5,1321.265259,1402252
09-11-2017,1375,1375,1359.650024,1368.199951,1321.941772,1152432
10-11-2017,1361.099976,1363,1346.680054,1354.380005,1308.588867,1356566
13-11-2017,1351.030029,1388.699951,1351.030029,1379.469971,1332.830933,1496996
14-11-2017,1378.280029,1378.280029,1353.75,1357.300049,1311.4104,1657252
15-11-2017,1353,1377.5,1350.680054,1352.650024,1306.917603,6670834
16-11-2017,1355,1381.5,1343.469971,1373.319946,1326.88855,1653482
17-11-2017,1374.050049,1374.050049,1351.800049,1353.650024,1307.883789,1325464
20-11-2017,1357.5,1363.449951,1347.650024,1351.719971,1306.018921,1014498
21-11-2017,1350.5,1350.5,1333,1336.469971,1291.284546,1527740
22-11-2017,1336.5,1354.849976,1336.199951,1340.319946,1295.004517,1822624
23-11-2017,1340.5,1346.5,1334.5,1340.619995,1295.294189,793470
24-11-2017,1341,1351.449951,1336.550049,1344.030029,1298.588989,2287512
27-11-2017,1344,1347.949951,1331.099976,1342.930054,1297.526245,1856786
28-11-2017,1343,1351.199951,1335,1342.650024,1297.255737,911716
29-11-2017,1338.75,1346.5,1325,1329.069946,1284.134766,1447532
30-11-2017,1326.819946,1333.469971,1311.5,1318.5,1273.922241,4299962
01-12-2017,1317.5,1334,1310.75,1314.969971,1270.511475,1031144
04-12-2017,1311,1329.25,1301.469971,1316.180054,1271.680664,1259104
05-12-2017,1315.5,1325.849976,1314.069946,1317.780029,1273.226318,1167914
06-12-2017,1318,1322.5,1306.430054,1316.650024,1272.134766,1407518
07-12-2017,1316.150024,1322.969971,1307.5,1308.619995,1264.376099,1326300
08-12-2017,1309,1322.5,1298.5,1300.75,1256.772339,1385548
11-12-2017,1304.180054,1336.319946,1304.180054,1330.550049,1285.564819,1008002
12-12-2017,1330.5,1331,1303.699951,1306.069946,1261.912354,1882246
13-12-2017,1305.699951,1325.719971,1300.5,1314.199951,1269.767578,2961458
14-12-2017,1316,1316,1265.550049,1278.900024,1235.661133,5504150
15-12-2017,1281.880005,1292.219971,1268.430054,1272.800049,1229.767334,2718138
18-12-2017,1268.5,1294.469971,1247.180054,1290.25,1246.627075,2180664
19-12-2017,1288,1298.900024,1282.349976,1287.650024,1244.115112,1801952
20-12-2017,1291,1296.380005,1275.319946,1294.469971,1250.704468,1577570
21-12-2017,1293.5,1304,1290.030029,1297.849976,1253.970215,1293648
22-12-2017,1302,1331.949951,1295.099976,1323.380005,1278.637085,3665664
26-12-2017,1343,1344.880005,1315.800049,1324.719971,1279.931763,2175786
27-12-2017,1324.719971,1329.25,1305.25,1309.949951,1265.661255,739284
28-12-2017,1304.400024,1326.75,1302.819946,1313.469971,1269.062134,2605088
29-12-2017,1311.550049,1354.449951,1309.280029,1350.599976,1304.936646,2609542
01-01-2018,1341.150024,1347.400024,1317.5,1322.800049,1278.076904,1351760
02-01-2018,1330,1334.800049,1310.099976,1315.599976,1271.120117,1920290
03-01-2018,1316,1334.5,1315.599976,1319.319946,1274.714355,1257120
04-01-2018,1325,1331,1320,1328.550049,1283.632446,913082
05-01-2018,1325,1349.75,1325,1344.599976,1299.139771,1153706
08-01-2018,1350,1363.430054,1340.930054,1357.199951,1311.313721,1242220
09-01-2018,1357.5,1360.5,1338.280029,1354.5,1308.7052,2149396
10-01-2018,1355.5,1408,1347.319946,1403.300049,1355.855225,3365850
11-01-2018,1405,1410.949951,1391.099976,1395.25,1348.077148,2520744
12-01-2018,1402.5,1402.5,1370.280029,1388.180054,1341.246216,3360314
15-01-2018,1388.569946,1404,1367.530029,1373.050049,1326.627808,1457214
16-01-2018,1378,1430.819946,1375.280029,1425.430054,1377.236938,4267752
17-01-2018,1435,1462.5,1431.069946,1444.469971,1395.633179,4280806
18-01-2018,1448.5,1466.5,1434.030029,1459.099976,1409.768433,2209478
19-01-2018,1465.280029,1491,1451.819946,1479.650024,1429.623657,1820000
22-01-2018,1480.5,1567.349976,1461,1558.199951,1512.674194,4367110
23-01-2018,1557.469971,1571.180054,1545.030029,1551,1505.684448,3239610
24-01-2018,1545,1629.530029,1541.319946,1587.300049,1540.92395,5621538
25-01-2018,1587.5,1589.900024,1540.5,1560.530029,1514.936157,3833844
29-01-2018,1565.699951,1612.5,1561,1599.430054,1552.699707,3141060
30-01-2018,1590,1601.900024,1571.849976,1576.430054,1530.371582,1574758
31-01-2018,1568.5,1575,1549.300049,1556.180054,1510.713257,3043214
01-02-2018,1562,1595,1544.400024,1569.300049,1523.449951,2400630
02-02-2018,1560,1595,1551.719971,1576.819946,1530.750244,2456490
05-02-2018,1555,1594,1538.430054,1551.599976,1506.266968,2757742
06-02-2018,1505,1538.569946,1492.5,1498.619995,1454.834839,2657306
07-02-2018,1513.5,1515.5,1473.719971,1477.530029,1434.360962,2180324
08-02-2018,1489.880005,1513.800049,1479.5,1487.099976,1443.651489,2755004
09-02-2018,1475,1497,1448.319946,1485.849976,1442.437744,2102458
12-02-2018,1489.150024,1511.680054,1477.780029,1483.650024,1440.30249,1974562
14-02-2018,1485,1487.219971,1446.25,1455.900024,1413.363037,2847532
15-02-2018,1465.969971,1471.5,1452.550049,1462.930054,1420.187744,2465236
16-02-2018,1461.5,1499.800049,1461.5,1466.530029,1423.682495,2515756
19-02-2018,1472.5,1476.650024,1447.599976,1461.800049,1419.090942,1568224
20-02-2018,1464,1492.530029,1463.949951,1472.380005,1429.361694,1889068
21-02-2018,1487,1531.300049,1480.030029,1521.150024,1476.706543,3089228
22-02-2018,1526,1539.5,1511.25,1525.099976,1480.541382,3463010
23-02-2018,1525,1544.5,1496.050049,1537.900024,1492.967285,3362500
26-02-2018,1537.5,1544.969971,1510.599976,1515.849976,1471.561523,1363882
27-02-2018,1520.5,1539.280029,1516,1521.180054,1476.73584,1717800
28-02-2018,1517.5,1531.969971,1510.719971,1517.530029,1473.192505,2706864
01-03-2018,1524.5,1530.599976,1510,1518.849976,1474.473755,1718124
05-03-2018,1524.5,1556.819946,1516.469971,1552.930054,1507.558105,2858168
06-03-2018,1561,1563.5,1515.069946,1521.400024,1476.949341,1906764
07-03-2018,1535,1544.5,1509.25,1513.719971,1469.493652,1917772
08-03-2018,1527.449951,1527.449951,1493.75,1501.969971,1458.087158,1951826
09-03-2018,1502.5,1531.599976,1488.599976,1517.050049,1472.726318,1872436
12-03-2018,1521.5,1541.949951,1517.75,1526.069946,1481.482788,2091340
13-03-2018,1462.449951,1469.849976,1436,1443.400024,1401.228149,88067154
14-03-2018,1446.469971,1461.530029,1437.530029,1443.449951,1401.276611,3668668
15-03-2018,1447.5,1451.280029,1427.800049,1434.849976,1392.927979,2348906
16-03-2018,1434.400024,1436,1402.5,1412.849976,1371.570923,7197482
19-03-2018,1414.5,1424,1410,1415.5,1374.143311,3489940
20-03-2018,1410,1436.599976,1409.5,1432.430054,1390.578735,4024984
21-03-2018,1436.25,1442.150024,1425,1428.380005,1386.647095,3907678
22-03-2018,1429.969971,1437.969971,1411.280029,1415.680054,1374.318115,2326094
23-03-2018,1401,1417.050049,1399.030029,1409.069946,1367.901123,3654122
26-03-2018,1409.5,1413.699951,1390.780029,1408.5,1367.348145,2964210
27-03-2018,1412.5,1431.5,1411.530029,1423.849976,1382.249512,2494574
28-03-2018,1417.949951,1437.5,1412.5,1424.569946,1382.948364,6865654
02-04-2018,1420,1457,1420,1454.819946,1412.314697,1662988
03-04-2018,1446.050049,1464.949951,1446.050049,1455.619995,1413.091064,1937290
04-04-2018,1464.719971,1467,1446,1455.449951,1412.926147,2841820
05-04-2018,1463.280029,1481.880005,1460.180054,1478.969971,1435.758911,1809424
06-04-2018,1477,1480,1463.280029,1475.150024,1432.050415,1129018
09-04-2018,1469.849976,1481.75,1457.5,1461.949951,1419.236206,1235866
10-04-2018,1462.849976,1478.619995,1462.849976,1468.800049,1425.88623,1184532
11-04-2018,1475.300049,1512.5,1472.800049,1507.069946,1463.037964,3124416
12-04-2018,1505,1575,1503.969971,1569.619995,1523.760498,6114360
13-04-2018,1575,1620.400024,1566.050049,1576.650024,1530.585083,8179118
16-04-2018,1558,1599.969971,1555.380005,1593.819946,1547.25354,6270274
17-04-2018,1593.819946,1597.469971,1573.599976,1583.300049,1537.040894,3301724
18-04-2018,1583,1596.719971,1572.930054,1579.550049,1533.400269,2433066
19-04-2018,1589.949951,1608.599976,1582.880005,1595.569946,1548.952393,4820952
20-04-2018,1625,1711.180054,1620,1701.219971,1651.515625,18465662
23-04-2018,1712,1778.949951,1694.780029,1704.319946,1654.524902,15185910
24-04-2018,1705,1721.569946,1671.25,1692.819946,1643.360962,8314336
25-04-2018,1692.5,1741.5,1682.530029,1735.119995,1684.425049,8196574
26-04-2018,1733.5,1780,1733.5,1769.619995,1717.917114,12135034
27-04-2018,1762.5,1772,1710,1725.969971,1675.542358,4501330
30-04-2018,1725.969971,1774.5,1718.800049,1766.050049,1714.451416,3458558
02-05-2018,1765.25,1766.099976,1735.650024,1749.880005,1698.753906,3158046
03-05-2018,1754.900024,1763,1735.199951,1740.930054,1690.06543,3761550
04-05-2018,1746,1748.5,1735,1740.380005,1689.531372,2347244
07-05-2018,1745,1745,1705.449951,1710.469971,1660.495361,3484426
08-05-2018,1717.349976,1743.25,1698.349976,1720.599976,1670.329346,2992820
09-05-2018,1720.099976,1747.380005,1720.099976,1744.650024,1693.676758,2615050
10-05-2018,1751.469971,1755.569946,1720.099976,1725.619995,1675.202759,3858678
11-05-2018,1727.099976,1742.5,1721.25,1728.469971,1677.969482,2627876
14-05-2018,1728.5,1735.5,1705.400024,1716.780029,1666.62085,2433894
15-05-2018,1725,1747.900024,1716.849976,1741.199951,1690.327515,1952890
16-05-2018,1739.969971,1754.5,1737.619995,1746.949951,1695.909546,1648450
17-05-2018,1756.469971,1766.569946,1738,1745.900024,1694.890259,2968048
18-05-2018,1740.400024,1758.849976,1729,1751.030029,1699.870361,1874996
21-05-2018,1764.349976,1796,1759.030029,1778.380005,1726.421265,3446178
22-05-2018,1779,1787.469971,1746.849976,1754.449951,1703.190186,1857416
23-05-2018,1762.5,1772.5,1740.5,1747.550049,1696.491821,1507298
24-05-2018,1755,1807.5,1751.180054,1801.849976,1749.205566,2962316
25-05-2018,1812.5,1837.400024,1786.280029,1792.900024,1740.516968,3769772
28-05-2018,1808.25,1808.25,1743,1751.030029,1699.870361,3716798
29-05-2018,1764.949951,1772,1744,1761.75,1710.276855,3525312
30-05-2018,1754.530029,1766.5,1741.25,1757.050049,1705.714478,3779106
31-05-2018,1734,1759.050049,1726.099976,1741.050049,1704.246094,5049371
01-06-2018,1754,1757.5,1716.300049,1732.449951,1695.827759,1603856
04-06-2018,1745,1749,1712.599976,1744.25,1707.378296,1681483
05-06-2018,1744,1751.900024,1711.150024,1721.599976,1685.207275,2449568
06-06-2018,1723,1734.900024,1715.199951,1725.75,1689.269531,2236512
07-06-2018,1725,1749,1723.800049,1735.550049,1698.862305,2414762
08-06-2018,1735,1757.300049,1735,1747.099976,1710.167969,2582138
11-06-2018,1747.099976,1763,1743,1749.699951,1712.713135,2179378
12-06-2018,1757,1785,1753,1781,1743.351563,4608875
13-06-2018,1816,1831.650024,1798,1824.099976,1785.540527,5370983
14-06-2018,1830,1832.300049,1784,1787.550049,1749.763062,3819998
15-06-2018,1800,1847.099976,1788.599976,1840.050049,1801.153442,9183574
18-06-2018,1867.949951,1867.949951,1822.150024,1829,1790.336792,4674987
19-06-2018,1822.150024,1839,1821,1824.5,1785.932007,3245034
20-06-2018,1832,1836.300049,1818.599976,1822.449951,1783.925293,3107695
21-06-2018,1832,1832,1817.599976,1819.349976,1780.890747,2910659
22-06-2018,1827,1827,1799.550049,1809.800049,1771.542847,2949458
25-06-2018,1811.900024,1822.349976,1806,1819.25,1780.792969,2083217
26-06-2018,1823,1861,1821,1852,1812.850464,4679712
27-06-2018,1860,1885.150024,1851.25,1858,1818.723755,4081208
28-06-2018,1865,1871,1826.300049,1842.699951,1803.74707,4888125
29-06-2018,1844.900024,1867.400024,1842.300049,1847.75,1808.690552,3506276
02-07-2018,1852,1857.800049,1841.099976,1851.349976,1812.214478,2650290
03-07-2018,1859.949951,1879.900024,1857.050049,1874.050049,1834.43457,3242233
04-07-2018,1879.900024,1879.900024,1857.150024,1866.150024,1826.701538,2700614
05-07-2018,1873,1887.5,1862.099976,1880.300049,1840.552368,2472571
06-07-2018,1882.849976,1921,1881.650024,1912.949951,1872.512207,3713781
09-07-2018,1924,1924.400024,1876.5,1883,1843.195435,6151747
10-07-2018,1898,1898.900024,1870.75,1875.099976,1835.462158,5303302
11-07-2018,1900,1998,1894.150024,1979.900024,1938.046997,22903802
12-07-2018,1984,1990.900024,1960.5,1971.349976,1929.677612,6921701
13-07-2018,1975,1997.900024,1974,1981.099976,1939.221558,4148185
16-07-2018,1990,1996,1977.449951,1989.199951,1947.150269,2582159
17-07-2018,1989,2009,1981,2002.150024,1963.775513,3315492
18-07-2018,2005,2011.699951,1993.050049,2000.25,1961.911987,2013869
19-07-2018,2002.099976,2010.449951,1970,1981.400024,1943.423218,1746318
20-07-2018,1984.900024,2000,1984,1996.599976,1958.331909,1934995
23-07-2018,2001,2009.949951,1986,2005.650024,1967.208374,2086201
24-07-2018,2015,2015,1984.150024,1999,1960.686035,2038423
25-07-2018,2001.900024,2002,1968.400024,1981.5,1943.521362,1535492
26-07-2018,1974.949951,1985,1955.099976,1964.699951,1927.043457,3503036
27-07-2018,1960.849976,1964.650024,1940.300049,1943.75,1906.494873,2033977
30-07-2018,1943,1954.699951,1931.550049,1944.599976,1907.328491,1579251
31-07-2018,1942,1947,1928,1940.199951,1903.013062,2204803
01-08-2018,1949.949951,1981.550049,1949.800049,1976.5,1938.61731,2425180
02-08-2018,1980,1985,1945,1948.400024,1911.055908,1509287
03-08-2018,1956.5,1982.050049,1956.5,1979.449951,1941.510498,1505131
06-08-2018,1997,1998.949951,1972.25,1975.550049,1937.685425,1532249
07-08-2018,1978.199951,1979.150024,1960.5,1967.349976,1929.642578,1353560
08-08-2018,1972,1978.300049,1962,1974,1936.165161,1315062
09-08-2018,1980,1980.800049,1966,1974.349976,1936.508545,2060297
10-08-2018,1980.949951,1996.5,1972.050049,1993.099976,1954.898926,2784105
13-08-2018,1997.800049,2004.25,1990,2000.150024,1961.813965,3559575
14-08-2018,1992,2024.599976,1982.400024,2003.550049,1965.148682,3311765
16-08-2018,2000.300049,2020.050049,1995,2008.5,1970.004028,2152065
17-08-2018,2013.849976,2021.900024,2004,2012.75,1974.172485,1213731
20-08-2018,2024,2024,2003.699951,2009.949951,1971.426025,1587032
21-08-2018,2010.150024,2024,2004,2017.650024,1978.978516,1376866
23-08-2018,2022.800049,2038,2020.300049,2035.099976,1996.093872,3046791
24-08-2018,2035.099976,2046,2031,2043,2003.842773,1570533
27-08-2018,2043,2059,2035,2050.899902,2011.591064,1532702
28-08-2018,2055,2072,2052,2069.199951,2029.540039,1987983
29-08-2018,2072.5,2076.600098,2045.599976,2072,2032.286987,1525867
30-08-2018,2068,2085,2065.5,2082.399902,2042.487671,2408020
31-08-2018,2082.300049,2092,2074,2078.399902,2038.564209,2504554
03-09-2018,2084.800049,2090,2048.399902,2052.899902,2013.552734,1439711
04-09-2018,2059.800049,2104.75,2056.949951,2098.899902,2058.671143,4420803
05-09-2018,2100,2107.25,2075.050049,2079.25,2039.397949,1681106
06-09-2018,2075,2081.5,2060.300049,2075.300049,2035.523438,2238097
07-09-2018,2079.300049,2084,2065.399902,2079.850098,2039.98645,1312182
10-09-2018,2084.399902,2093.399902,2074.25,2080.75,2040.869019,1530539
11-09-2018,2089,2089,2042.199951,2046.25,2007.030396,3679745
12-09-2018,2052.350098,2068.899902,2040,2043.949951,2004.774536,2307661
14-09-2018,2044,2071.550049,2018.150024,2065.399902,2025.813599,3642038
17-09-2018,2070,2077.800049,2054.550049,2074.149902,2034.395508,1033857
18-09-2018,2073,2078.800049,2057.600098,2070.75,2031.060913,1456507
19-09-2018,2071.899902,2089,2066.850098,2077.899902,2038.073853,1301268
21-09-2018,2077,2121,2050.149902,2103.149902,2062.839844,4508530
24-09-2018,2115,2210.5,2098.149902,2198.449951,2156.312988,3032226
25-09-2018,2204.899902,2211.899902,2153.800049,2183.199951,2141.355713,2868778
26-09-2018,2187,2199,2135.100098,2142.149902,2101.092285,1970951
27-09-2018,2141.899902,2209.699951,2135.800049,2188.850098,2146.897461,3311802
28-09-2018,2178,2190,2158.850098,2183.699951,2141.845947,2904371
01-10-2018,2190.899902,2275.949951,2190.350098,2255.550049,2212.319092,3772208
03-10-2018,2250.300049,2255,2155.600098,2162.850098,2121.395508,3902322
04-10-2018,2156.600098,2156.649902,2056.350098,2064.800049,2025.224731,4762419
05-10-2018,2050,2120,2020.900024,2102.649902,2062.349121,3417624
08-10-2018,2102.649902,2122.199951,2048.149902,2077.550049,2037.730347,2010154
09-10-2018,2080.350098,2107.649902,2053.199951,2091.800049,2051.707031,1867130
10-10-2018,2100,2105.949951,2029,2043.599976,2004.431152,2749573
11-10-2018,1985,2013,1941,1979.949951,1942.000977,4700256
12-10-2018,1978,1978,1903,1918.300049,1881.532715,9373289
15-10-2018,1940,1955.550049,1920,1949.5,1912.134766,2638151
16-10-2018,1958,1971.900024,1935,1962.300049,1924.689453,2815425
17-10-2018,1970,1989,1920,1929.400024,1892.419922,2779207
19-10-2018,1929,1929,1870.050049,1913.199951,1876.530273,3428776
22-10-2018,1914,1916,1886.949951,1903,1866.526001,1778496
23-10-2018,1888,1898,1837,1843.650024,1812.122559,2752811
24-10-2018,1852.050049,1874,1811.099976,1848.5,1816.889648,2735913
25-10-2018,1844,1876.900024,1825.050049,1853,1821.312622,2507233
26-10-2018,1853.900024,1853.900024,1791.099976,1799.099976,1768.334351,2285970
29-10-2018,1808.699951,1877.949951,1784.349976,1871,1839.004639,2609483
30-10-2018,1867,1909.400024,1845,1894.800049,1862.397705,2404883
31-10-2018,1900,1943.900024,1875.449951,1938.150024,1905.00647,2769190
01-11-2018,1943.650024,1944.349976,1901.300049,1935.75,1902.647583,2769759
02-11-2018,1934.199951,1954.599976,1905,1913.449951,1880.728882,1818635
05-11-2018,1910,1927.349976,1884.75,1890.849976,1858.515381,1713366
06-11-2018,1894,1937.5,1891,1932.699951,1899.649658,1398710
07-11-2018,1940,1949,1937,1942.150024,1908.93811,144530
09-11-2018,1961,1961.949951,1905,1909.199951,1876.551514,2570479
12-11-2018,1908.5,1946.099976,1908.5,1914.849976,1882.10498,2552008
13-11-2018,1915,1939,1903,1934.949951,1901.861206,1418430
14-11-2018,1925,1929.900024,1870,1880.650024,1848.489746,2422318
15-11-2018,1864,1899,1857.599976,1872.849976,1840.823242,1829123
16-11-2018,1889,1899.800049,1870.25,1886.599976,1854.338013,1829729
19-11-2018,1899,1907.349976,1864.300049,1902.449951,1869.91687,1740628
20-11-2018,1902,1902,1874.199951,1878.25,1846.130737,1190182
21-11-2018,1871,1871.050049,1798.550049,1812,1781.013672,3840461
22-11-2018,1820,1847.599976,1809.949951,1812.550049,1781.554321,3194219
26-11-2018,1819,1860,1784.5,1846.099976,1814.53064,4333177
27-11-2018,1854,1897.900024,1835.349976,1890.25,1857.925659,3344839
28-11-2018,1889,1989,1882.5,1983.900024,1949.974243,5313249
29-11-2018,1997,1997,1942.550049,1960.550049,1927.023438,4035441
30-11-2018,1966,1991,1959.849976,1968.25,1934.591675,5268901
03-12-2018,1984,1990,1968.300049,1982.400024,1948.499756,1610576
04-12-2018,1983,2019.400024,1971,2010.849976,1976.463257,3270615
05-12-2018,2006,2018,1985,2006.75,1972.433472,2501539
06-12-2018,1998,2017,1979.599976,1992.699951,1958.623535,2321216
07-12-2018,1985.050049,2003.900024,1973,1995.199951,1961.080688,1680420
10-12-2018,1975,2011,1960,1975.800049,1942.012695,2010786
11-12-2018,1970,2010,1961,2000,1965.79895,2942014
12-12-2018,2001.099976,2022,1984.949951,2016.800049,1982.311646,2219993
13-12-2018,2024,2029.699951,1974.5,1982.599976,1948.696289,3748429
14-12-2018,1983,1998.949951,1975.25,1989.75,1955.724121,2473761
17-12-2018,1999,2004.900024,1985,1994.300049,1960.196411,1227921
18-12-2018,1991.900024,2002,1976.400024,1987.849976,1953.856445,1768742
19-12-2018,1984.800049,1984.800049,1960.050049,1968.449951,1934.78833,2498833
20-12-2018,1953.800049,1974.900024,1946,1954.050049,1920.634644,1940277
21-12-2018,1948,1950,1886.550049,1895.800049,1863.380737,3729956
24-12-2018,1905.800049,1938.900024,1905,1918.5,1885.692383,1864116
26-12-2018,1921.800049,1921.800049,1870.25,1889.199951,1856.893555,2446614
27-12-2018,1909,1941.699951,1872.099976,1908.949951,1876.305664,4968201
28-12-2018,1915,1920,1893,1896.050049,1863.626343,2239130
31-12-2018,1908,1909,1886.150024,1893.050049,1860.677734,1879740
01-01-2019,1896,1910,1885,1902.800049,1870.260986,1094883
02-01-2019,1905,1934.449951,1900,1923.300049,1890.410522,2100463
03-01-2019,1919,1944.949951,1893.099976,1899.949951,1867.459717,2611668
04-01-2019,1900,1901.199951,1841,1876.849976,1844.754761,4280862
07-01-2019,1891.800049,1908.800049,1881,1897.900024,1865.444824,1856423
08-01-2019,1905.400024,1906.400024,1883.300049,1893.550049,1861.169189,1691756
09-01-2019,1907.400024,1919,1866.699951,1886.949951,1854.681885,2414376
10-01-2019,1890,1905,1872.099976,1888.550049,1856.254761,3053461
11-01-2019,1870,1875,1835,1842.550049,1811.041382,9209862
14-01-2019,1850,1851,1810,1813.25,1782.24231,3615370
15-01-2019,1810,1869.349976,1808,1867.800049,1835.859497,7711653
16-01-2019,1870,1875,1847,1870.150024,1838.169312,2359280
17-01-2019,1878,1898,1871.300049,1894.300049,1865.897217,2625816
18-01-2019,1881,1904.199951,1876,1900.650024,1872.1521,1683728
21-01-2019,1902,1932,1895.449951,1908.699951,1880.081299,2409803
22-01-2019,1907.099976,1918.25,1890,1901.900024,1873.383301,2457093
23-01-2019,1901,1906.099976,1870,1875.599976,1847.477539,2578169
24-01-2019,1884.800049,1905.25,1875,1901.550049,1873.038574,1962927
25-01-2019,1902,1935,1901,1920.800049,1891.999878,2327080
28-01-2019,1933,1962,1925.5,1955,1925.687134,2769033
29-01-2019,1962,1989.050049,1936.650024,1982.75,1953.021118,2557626
30-01-2019,1979.599976,1989.5,1954.650024,1981.400024,1951.691284,2429575
31-01-2019,1987,2019.75,1985,2014.099976,1983.900879,4094319
01-02-2019,2009.5,2034.75,1998.099976,2029.949951,1999.513306,3064163
04-02-2019,2029.949951,2055.449951,2023,2050.25,2019.508911,1590764
05-02-2019,2050,2055,2028,2044.550049,2013.894409,1111404
06-02-2019,2049.899902,2086.850098,2041.050049,2074.800049,2043.69104,1789812
07-02-2019,2074.75,2097.949951,2067,2082.899902,2051.669189,1339945
08-02-2019,2075,2089.5,2051,2061.399902,2030.491821,1684474
11-02-2019,2060,2096,2048.899902,2065.899902,2034.924316,1778730
12-02-2019,2070,2070,2018,2051.600098,2020.838745,2422903
14-02-2019,2060.050049,2075,2033.050049,2044.599976,2013.943726,1724085
15-02-2019,2049,2052,2010.949951,2029.699951,1999.266968,1930065
18-02-2019,2037.599976,2041.949951,1962.650024,1970.300049,1940.75769,2942184
19-02-2019,1970,1971,1892,1904.800049,1876.239868,4408554
20-02-2019,1915,1933.800049,1881.300049,1914.75,1886.040649,4645778
21-02-2019,1914.75,1940,1897.050049,1914.199951,1885.498779,4683919
22-02-2019,1917.199951,1930,1905.099976,1925.650024,1896.777222,2271955
25-02-2019,1932.5,1990,1930.5,1985.150024,1955.38501,2934880
26-02-2019,1984,2045.150024,1972.25,2038.699951,2008.13208,6453309
27-02-2019,2040,2074.949951,2022,2058.100098,2027.241211,4732082
28-02-2019,2060,2071.350098,1977.599976,1983.449951,1953.710449,8454295
01-03-2019,1995.050049,2005,1980.349976,1995.400024,1965.481445,4148548
05-03-2019,2005,2007,1976.599976,1988.099976,1958.290771,2449622
06-03-2019,1989.300049,2015,1985.050049,1999.599976,1969.618286,2635047
07-03-2019,2005,2024.050049,2000.199951,2013.300049,1983.113037,2539884
08-03-2019,2025,2033,2010.050049,2022.699951,1992.371948,2031071
11-03-2019,2028.900024,2033,2003.650024,2014.800049,1984.590576,3111689
12-03-2019,2014.050049,2024.800049,2003,2012.449951,1982.275635,2658550
13-03-2019,2013,2015.900024,1978.599976,2000.5,1970.505005,1833163
14-03-2019,2004.949951,2007.800049,1981,1987.400024,1957.60144,1905495
15-03-2019,1998.900024,2068.949951,1991,2039.949951,2009.363403,5184318
18-03-2019,2043,2064.600098,2011,2022.800049,1992.470459,2349915
19-03-2019,2030,2030,1995.099976,2022.800049,1992.470459,2373993
20-03-2019,2028,2044.800049,2000,2015.050049,1984.836792,3091165
22-03-2019,2015,2016,1983.300049,2005.650024,1975.577637,3148149
25-03-2019,2007.800049,2007.800049,1977.199951,1984.25,1954.498535,2429205
26-03-2019,1984,1994.949951,1958.050049,1982.650024,1952.922485,2316539
27-03-2019,1994,1998,1961,1967.900024,1938.393677,2266166
28-03-2019,1980,2014.599976,1972.800049,2000.300049,1970.308105,4054489
01-04-2019,2010,2039.949951,2008.25,2031.650024,2001.187744,2095740
02-04-2019,2037.099976,2086,2037,2079.300049,2048.123291,3719663
03-04-2019,2085,2089.600098,2058.100098,2079.300049,2048.123291,2939886
04-04-2019,2078.149902,2079.699951,2007.400024,2014.5,1984.294922,4397518
05-04-2019,2028.650024,2054.399902,2018.800049,2048.300049,2017.588135,3152103
08-04-2019,2059,2075,2032.699951,2070.75,2039.701294,2194294
09-04-2019,2070,2098,2057.649902,2091.5,2060.140381,2690970
10-04-2019,2083,2085.5,2036,2040.25,2009.658936,3313062
11-04-2019,2045,2055,2013.650024,2019.5,1989.219971,3422442
12-04-2019,2038,2039,2007,2014.5,1984.294922,3198471
15-04-2019,2070,2119.800049,2041,2113.300049,2081.613525,9189201
16-04-2019,2120,2155.949951,2115.550049,2131.800049,2099.836182,5771952
18-04-2019,2149.899902,2155,2114.199951,2150.050049,2117.8125,3413728
22-04-2019,2148,2176,2145.600098,2161.449951,2129.041504,2007135
23-04-2019,2163,2165.5,2134.050049,2155.050049,2122.737793,2163524
24-04-2019,2158,2195,2156.100098,2183.449951,2150.711914,3003071
25-04-2019,2175,2205,2168.050049,2195,2162.088623,4211526
26-04-2019,2203,2243.949951,2193.149902,2238.550049,2204.98584,2716958
30-04-2019,2238.550049,2266.949951,2230.100098,2260.350098,2226.458984,3488395
02-05-2019,2255,2259.399902,2211.100098,2215.399902,2182.182617,2457699
03-05-2019,2185,2186.050049,2125,2132,2100.033203,3780886
06-05-2019,2110,2165,2108.5,2157.850098,2125.49585,2891422
07-05-2019,2160.050049,2184.350098,2138.800049,2151.949951,2119.683838,2201696
08-05-2019,2151,2168,2130.399902,2152.850098,2120.570801,1824895
09-05-2019,2145,2184.100098,2136.100098,2172.550049,2139.975342,2264162
10-05-2019,2175,2192,2125.850098,2135.800049,2103.776123,2039633
13-05-2019,2133,2167,2121.649902,2128.75,2096.832031,1701744
14-05-2019,2135,2159.800049,2072.350098,2092.350098,2060.977539,2456110
15-05-2019,2097,2124,2084.5,2095.399902,2063.981934,2346876
16-05-2019,2096,2124,2077.050049,2108.75,2077.131836,1946529
17-05-2019,2112.600098,2135,2090,2095.449951,2064.031006,1947908
20-05-2019,2125,2151.399902,2050,2143.949951,2111.803955,2625116
21-05-2019,2148.050049,2148.699951,2102.550049,2109.75,2078.116699,1863157
22-05-2019,2110,2121.949951,2075,2081.75,2050.536377,2595795
23-05-2019,2098,2115.350098,2050,2054.050049,2023.252197,2541294
24-05-2019,2070,2070,2032.25,2048,2017.292725,2274208
27-05-2019,2054.800049,2068.949951,2040.099976,2055.149902,2024.335327,2329820
28-05-2019,2060,2097.5,2045,2073.75,2042.656616,5872979
29-05-2019,2080,2123.699951,2077.100098,2107.550049,2075.949707,3281320
30-05-2019,2123,2156.550049,2114.399902,2146.300049,2114.118896,4971725
31-05-2019,2160,2204.949951,2152.25,2196.550049,2163.615234,4265370
03-06-2019,2201,2247.649902,2185.649902,2242.300049,2208.679443,3682419
04-06-2019,2224,2224,2175,2183.100098,2167.768799,2408658
06-06-2019,2199,2199,2152,2166.100098,2150.888184,3735467
07-06-2019,2174,2189.800049,2142.100098,2181.75,2166.428223,2659446
10-06-2019,2196.699951,2235.850098,2185.5,2231.5,2215.828857,2080593
11-06-2019,2237,2263.949951,2231,2252.800049,2236.979492,3048937
12-06-2019,2245,2266.899902,2219,2260.899902,2245.022217,2404448
13-06-2019,2264,2285,2243.050049,2254.100098,2238.270264,3320916
14-06-2019,2257.25,2263.100098,2234,2254.5,2238.66748,2131408
17-06-2019,2256,2262,2241.449951,2249.199951,2233.404541,1489497
18-06-2019,2244,2260,2231.199951,2250.850098,2235.042969,1877447
19-06-2019,2255,2276,2243.149902,2259.899902,2244.029297,1652817
20-06-2019,2230,2284,2212,2277.949951,2261.952637,2199377
21-06-2019,2285,2292.5,2242,2249.850098,2234.050049,3871804
24-06-2019,2254.149902,2280,2250.800049,2275.5,2259.52002,1382424
25-06-2019,2270,2274.449951,2250.5,2267.800049,2251.874023,1386077
26-06-2019,2265,2266.800049,2250,2254.199951,2238.369385,1762224
27-06-2019,2255,2264,2241.300049,2252.550049,2236.730957,2813464
28-06-2019,2260,2261.949951,2222.5,2227.199951,2211.559082,2372928
01-07-2019,2235,2255,2206.600098,2239.550049,2223.822266,2769940
02-07-2019,2244.899902,2257,2216.449951,2252.100098,2236.28418,1771746
03-07-2019,2252.199951,2258.800049,2232,2237.649902,2221.935547,1656881
04-07-2019,2234,2252,2230.100098,2242.649902,2226.900635,984140
05-07-2019,2247,2250,2140,2163.100098,2147.90918,4088470
08-07-2019,2149,2188.800049,2132.100098,2175.399902,2160.122803,2788062
09-07-2019,2174,2174.399902,2104.550049,2133.350098,2118.368408,3977224
10-07-2019,2080,2127.850098,2071.300049,2108.199951,2093.394531,6343581
11-07-2019,2128,2129,2086.050049,2102.550049,2087.784668,2400346
12-07-2019,2102.100098,2119.75,2093.100098,2107.600098,2092.799072,1560725
15-07-2019,2125,2153.600098,2098,2145.699951,2130.631348,2900415
16-07-2019,2126,2132.5,2100,2106,2096.094482,2735399
17-07-2019,2108,2125,2092.100098,2117.25,2107.291748,1802969
18-07-2019,2116.199951,2116.199951,2060,2065.949951,2056.23291,3072096
19-07-2019,2077,2097,2062.5,2076.949951,2067.181152,1953177
22-07-2019,2077,2117.449951,2068.800049,2109.899902,2099.976074,1920167
23-07-2019,2127.899902,2130,2102.399902,2112.449951,2102.51416,3538588
24-07-2019,2110,2120.800049,2076.5,2096.800049,2086.937988,2413196
25-07-2019,2108.899902,2135,2092.550049,2127.899902,2117.891602,2544464
26-07-2019,2129.800049,2129.800049,2095,2109.050049,2099.130371,1720592
29-07-2019,2110.800049,2142,2103.300049,2130,2119.981934,1647090
30-07-2019,2130,2185,2120.449951,2179.149902,2168.900391,2851672
31-07-2019,2171.75,2211.699951,2147.149902,2205.699951,2195.325684,3000677
01-08-2019,2200,2217.5,2166.25,2180.050049,2169.796387,2375236
02-08-2019,2173,2210,2165.5,2205.300049,2194.927734,2500816
05-08-2019,2199.899902,2252.25,2195.600098,2248.600098,2238.023926,3039682
06-08-2019,2232.800049,2251.949951,2211.449951,2214.899902,2204.482422,2885467
07-08-2019,2230,2238.5,2207.25,2213.449951,2203.039063,2165362
08-08-2019,2228.899902,2281,2218.899902,2258.100098,2247.479492,2073298
09-08-2019,2260,2267.899902,2241.350098,2246.25,2235.685059,1744550
13-08-2019,2245,2246.25,2194.300049,2199.449951,2189.10498,1647281
14-08-2019,2181.100098,2217.850098,2167.399902,2204.399902,2194.031738,1945002
16-08-2019,2241.399902,2241.399902,2143.25,2165.100098,2154.916748,3755507
19-08-2019,2180,2186,2157.699951,2163,2152.826416,974884
20-08-2019,2172,2205,2166.5,2186.75,2176.464844,1843611
21-08-2019,2184.949951,2202,2182.25,2186.199951,2175.917236,1214408
22-08-2019,2187,2235.649902,2170,2216,2205.577148,2131601
23-08-2019,2214.949951,2259.899902,2213.899902,2247.699951,2237.12793,2826425
26-08-2019,2247,2282,2225,2276.300049,2265.59375,2345475
27-08-2019,2270,2274.850098,2229,2236.5,2225.980713,3432106
28-08-2019,2240,2252.149902,2216,2239.25,2228.718018,1294621
29-08-2019,2222.199951,2248.199951,2222.199951,2233.449951,2222.945313,1670652
30-08-2019,2241,2266,2218,2259.600098,2248.972412,2583625
03-09-2019,2270,2296.199951,2236.949951,2251.600098,2241.009766,2545060
04-09-2019,2265,2270,2233,2245.399902,2234.838867,2228092
05-09-2019,2242.199951,2253.649902,2207.300049,2215.300049,2204.880615,2055943
06-09-2019,2216,2233.5,2192.600098,2197.5,2187.164307,1890550
09-09-2019,2200,2202.850098,2179.800049,2182.850098,2172.583252,1703945
11-09-2019,2186,2195,2146.550049,2154,2143.868896,2627440
12-09-2019,2155,2165,2120.350098,2133.600098,2123.564941,2118859
13-09-2019,2135,2157.949951,2115.550049,2141.949951,2131.875488,2291174
16-09-2019,2159.949951,2173.399902,2126.399902,2150,2139.887695,2597948
17-09-2019,2154.949951,2156.550049,2105.600098,2122.649902,2112.66626,2796530
18-09-2019,2126.399902,2142.949951,2113.149902,2138.550049,2128.491455,1454663
19-09-2019,2135,2135.800049,2091,2101.949951,2092.063721,1652691
20-09-2019,2104.899902,2129.399902,2057,2065.449951,2055.735352,6941979
23-09-2019,2099,2099,1975,2015.800049,2006.31897,6323401
24-09-2019,2015,2061,2013,2044.699951,2035.082886,4620978
25-09-2019,2065,2092,2060.050049,2088.449951,2078.627197,4002232
26-09-2019,2097.899902,2107,2063,2087.600098,2077.78125,4234281
27-09-2019,2085,2085.199951,2051.399902,2056.149902,2046.479004,2046795
30-09-2019,2061.850098,2104,2060,2099.300049,2089.426025,2620039
01-10-2019,2095.949951,2095.949951,2039.699951,2059.949951,2050.26123,3342877
03-10-2019,2070,2081.149902,2046.150024,2060.25,2050.559814,2317618
04-10-2019,2060.600098,2087.949951,2054.949951,2079.350098,2069.570068,2163251
07-10-2019,2080,2094.5,2041,2047.699951,2038.068848,2177916
09-10-2019,2060,2060,2015.5,2020.099976,2010.598633,2066920
10-10-2019,2028,2039.050049,1997.099976,2004.449951,1995.022217,2881452
11-10-2019,1931,1995,1925,1986.849976,1977.505005,12593069
14-10-2019,1995,2032.75,1968,2021,2011.494385,3510704
15-10-2019,2032,2047,2022.699951,2037.300049,2027.717896,2261310
16-10-2019,2038,2056,2016,2046.400024,2036.775024,3034082
17-10-2019,2014,2038,1999.300049,2030.949951,2026.348511,3818774
18-10-2019,2037.5,2063.899902,2025,2057.350098,2052.688965,3087901
22-10-2019,2080,2111.5,2040.050049,2051.399902,2046.752197,5552505
23-10-2019,2060,2083.850098,2052.5,2070.100098,2065.409912,2348134
24-10-2019,2084,2099,2061.300049,2082,2077.282959,2798671
25-10-2019,2094,2130,2075.050049,2124.949951,2120.135498,3954245
27-10-2019,2110,2156.99,2080.32,2130.56,2110.432,396728
29-10-2019,2121.5,2201.699951,2121.5,2194.850098,2189.877441,5064173
30-10-2019,2225,2260,2176.850098,2252.800049,2247.696045,5195136
31-10-2019,2250,2284.949951,2237,2269.649902,2264.507813,4879261
01-11-2019,2264,2275,2195,2200.899902,2195.913574,4172620
04-11-2019,2207,2229.199951,2180.899902,2193.949951,2188.979248,2646411
05-11-2019,2197,2211,2169,2201.850098,2196.861572,2693475
06-11-2019,2200,2210.800049,2179,2188.5,2183.541748,2540719
07-11-2019,2204.5,2204.5,2175.199951,2185.350098,2180.398926,1915598
08-11-2019,2189.600098,2189.600098,2124,2129.949951,2125.124268,2788759
11-11-2019,2135,2139,2091,2100.949951,2096.189941,2983768
13-11-2019,2118,2183.800049,2118,2178.600098,2173.664307,3823365
14-11-2019,2187.5,2200,2146.699951,2196.800049,2191.822998,2995915
15-11-2019,2196,2211.5,2168.75,2174.449951,2169.523438,2724180
18-11-2019,2178.399902,2187.75,2148.75,2152.600098,2147.723145,1611089
19-11-2019,2153,2154.649902,2105,2108.800049,2104.022217,2975313
20-11-2019,2121.949951,2135,2094.5,2108.550049,2103.772949,2894129
21-11-2019,2112,2126.600098,2107.399902,2118.100098,2113.30127,2052574
22-11-2019,2097,2107,2060.5,2071.699951,2067.006348,3742049
25-11-2019,2074.550049,2084.949951,2052.199951,2081.5,2076.78418,2737010
26-11-2019,2089.850098,2097.899902,2035.050049,2046.650024,2042.013062,6561580
27-11-2019,2052,2071.699951,2046.550049,2054.300049,2049.645752,2907521
28-11-2019,2067.050049,2094.399902,2060,2077.350098,2072.643555,2924429
29-11-2019,2085,2085,2045.800049,2053.25,2048.598145,2064271
02-12-2019,2060,2067.699951,2016,2021.050049,2016.471069,3809860
03-12-2019,2027.699951,2062,2010,2051,2046.353149,4664774
04-12-2019,2053,2082,2045.5,2078.5,2073.790771,3334301
05-12-2019,2083,2126.800049,2068.350098,2121.300049,2116.493896,3902721
06-12-2019,2124,2128,2101,2123.600098,2118.788818,1829461
09-12-2019,2127.949951,2127.949951,2053.5,2060.449951,2055.781738,2244747
10-12-2019,2060,2060.850098,2003.25,2012.849976,2008.289551,4520045
11-12-2019,2025.400024,2048,2006.75,2041.900024,2037.273804,4943024
12-12-2019,2051.100098,2083.649902,1984,2020.900024,2016.321411,7137306
13-12-2019,2023,2077.399902,2007,2071.25,2066.557373,5711133
16-12-2019,2096,2136,2080.300049,2126.75,2121.931641,5574177
17-12-2019,2126.5,2169,2119,2164.949951,2160.044922,6059673
18-12-2019,2174,2203.449951,2153,2167.75,2162.838623,8251081
19-12-2019,2179.800049,2236.5,2167.550049,2229.050049,2223.999756,6251505
20-12-2019,2220,2246.699951,2208.25,2222.899902,2217.863525,5548338
23-12-2019,2210,2241.949951,2210,2231.699951,2226.643799,2247329
24-12-2019,2239,2243.550049,2211.149902,2215.600098,2210.580322,1805896
26-12-2019,2216.399902,2229,2195.199951,2201.949951,2196.961182,1880367
27-12-2019,2208,2226.399902,2176,2198.5,2193.519043,2720261
30-12-2019,2207,2225,2177.100098,2183.199951,2178.253662,2288830
31-12-2019,2189,2197,2157.449951,2161.699951,2156.802246,1909289
